상호명,자치구,신주소,X좌표(WGS84),Y좌표(WGS84),X좌표(GRS80TM),Y좌표(GRS80TM),geometry
1898 명동성당 ,중구,"서울 중구 명동길 74 (명동2가, 명동성당)",126.986775823267,37.5636758699882,954674.4696323506,1951714.4889990077,POINT (954674.4696323506 1951714.4889990077)
SeMA 벙커 ,영등포구,서울 영등포구 의사당대로 지하 101 (여의도역),126.923968896383,37.5219069359564,949099.2230850867,1947112.583492374,POINT (949099.2230850867 1947112.583492374)
삼우치킨센타,영등포구,서울 영등포구 시흥대로 671 (대림동),126.90815760996,37.4916433823343,947680.9345019385,1943763.6872855206,POINT (947680.9345019385 1943763.6872855206)
63스퀘어,영등포구,"서울 영등포구 63로 50 (여의도동, 63한화생명빌딩)",126.939909338068,37.5196641552816,950506.3247498691,1946855.2533610074,POINT (950506.3247498691 1946855.2533610074)
PKM갤러리,종로구,"서울 종로구 삼청로7길 40 (삼청동, 피케이엠 갤러리)",126.980082350686,37.5840916531266,954095.863195176,1953982.7717409232,POINT (954095.863195176 1953982.7717409232)
롯데월드타워 물품보관소,송파구,"서울 송파구 올림픽로 300 (신천동, 롯데월드타워앤드롯데월드몰)",127.104301829165,37.5137129859207,965030.5340134429,1946121.21227489,POINT (965030.5340134429 1946121.21227489)
돈의문역사관,종로구,서울 종로구 새문안로 35-54 (신문로2가),126.968779117404,37.5692197342866,953088.551004681,1952338.3856078875,POINT (953088.551004681 1952338.3856078875)
살곶이다리（전곶교）,성동구,서울 성동구 행당동 61-1,127.045468943168,37.5540825979594,959852.8512578072,1950623.4782210356,POINT (959852.8512578072 1950623.4782210356)
목노집,은평구,서울 은평구 연서로28길 10 (대조동),126.920981012189,37.6177797860508,948900.740449088,1957750.8585834687,POINT (948900.740449088 1957750.8585834687)
HYBE INSIGHT (하이브 뮤지엄),용산구,"서울 용산구 한강대로 42 (한강로3가, 용산트레이드센터) 하이브 인사이트 지하 1, 2층",126.964197674537,37.5245456464592,952655.7198322789,1947384.3255781084,POINT (952655.7198322789 1947384.3255781084)
수유어묵공장,강북구,서울 강북구 도봉로67길 18,127.022668132796,37.6307289053601,957882.141310744,1959137.0140819207,POINT (957882.141310744 1959137.0140819207)
봉화묵집,성북구,서울 성북구 아리랑로19길 46-2,127.010747622706,37.6027138226589,956814.1163386839,1956034.27322894,POINT (956814.1163386839 1956034.27322894)
국선옻칠,종로구,서울 종로구 창경궁로 88 광장3층 2390호,126.999798964693,37.5701196320637,955828.4248119454,1952423.1909022825,POINT (955828.4248119454 1952423.1909022825)
서울시립미술관 (서소문본관),중구,"서울 중구 덕수궁길 61 (서소문동, 서울시립미술관)",126.973699316136,37.5641060692766,953519.8733788194,1951768.6045348672,POINT (953519.8733788194 1951768.6045348672)
위안부 '기억의 터',중구,서울 중구 퇴계로26가길 6 (예장동) 서울종합방재센터,126.99026627798,37.5590886943831,954979.972006165,1951203.8873964234,POINT (954979.972006165 1951203.8873964234)
성수구름다리,성동구,서울 성동구 강변북로 257,127.041603887629,37.5389616567303,959503.2831091818,1948947.5516157842,POINT (959503.2831091818 1948947.5516157842)
서울기록원,은평구,"서울 은평구 통일로62길 7 (녹번동, 서울기록원)",126.934431196604,37.6072253744222,950080.6939228089,1956572.6499679533,POINT (950080.6939228089 1956572.6499679533)
서울레코드,종로구,서울 종로구 종로 154,126.994616749008,37.5702578122921,955370.8749447733,1952440.9700027583,POINT (955370.8749447733 1952440.9700027583)
SJ쿤스트할레,강남구,서울 강남구 언주로148길 5 (논현동),127.034917264221,37.5205086087205,958902.4307150907,1946903.1945241222,POINT (958902.4307150907 1946903.1945241222)
국립중앙박물관,용산구,서울 용산구 서빙고로 137 (국립중앙박물관),126.977740246542,37.5247022357875,953852.4665853377,1947394.9680766826,POINT (953852.4665853377 1947394.9680766826)
라칸티나 ,중구,"서울 중구 을지로 19 (을지로1가, 삼성빌딩) 삼성빌딩 지하 1층",126.979957145213,37.5663064488484,954073.887010612,1952009.649148475,POINT (954073.887010612 1952009.649148475)
문화역서울 284,중구,서울 중구 통일로 1 (서울역 본옥),126.971594506836,37.5560408483984,953328.9556406604,1950874.8517120096,POINT (953328.9556406604 1950874.8517120096)
명동역 물품보관소,중구,"서울 중구 퇴계로 지하 126 (충무로2가, 명동역 4호선)",126.985947030389,37.5609100751113,954599.5956940824,1951408.0380036419,POINT (954599.5956940824 1951408.0380036419)
배재학당역사박물관,중구,"서울특별시 중구 서소문로11길 19, 배재정동빌딩 동관 (정동)",126.972089131199,37.5637878280982,953377.4708841096,1951734.0948354246,POINT (953377.4708841096 1951734.0948354246)
신당역 물품보관소,중구,"서울 중구 다산로 지하 260 (흥인동, 신당역 6호선)",127.016153533586,37.5662738884121,957270.4704484711,1951988.9627707053,POINT (957270.4704484711 1951988.9627707053)
국립중앙도서관,서초구,서울특별시 서초구 반포대로 201 (반포동),127.003227919207,37.4974225959085,956088.625917598,1944356.2581345171,POINT (956088.625917598 1944356.2581345171)
서대문형무소역사관,서대문구,"서울 서대문구 통일로 251 (현저동, 독립공원)",126.955611774864,37.5746085138333,951929.214382946,1952942.9003655184,POINT (951929.214382946 1952942.9003655184)
신세계백화점 물품보관소,중구,"서울 중구 퇴계로 77 (충무로1가, 신세계백화점)",126.980823104019,37.5603438884295,954146.7078450677,1951347.709936407,POINT (954146.7078450677 1951347.709936407)
선정릉(선릉),강남구,서울특별시 강남구 선릉로100길 1 (삼성동),127.047165945717,37.5073677154051,959977.7886712142,1945440.013119688,POINT (959977.7886712142 1945440.013119688)
서울로7017,중구,"서울 중구 청파로 432 (봉래동2가, 코레일서울본부)",126.969772737969,37.5580093456227,953169.2799750064,1951094.1526481516,POINT (953169.2799750064 1951094.1526481516)
짚풀생활사박물관,종로구,서울 종로구 성균관로4길 45 (명륜2가),126.999842853497,37.5849058490839,955841.0337319504,1954063.6300181008,POINT (955841.0337319504 1954063.6300181008)
서울로봇인공지능과학관(RAIM),도봉구,서울 도봉구 마들로13길 56 (창동),127.049506212905,37.6555838047766,960263.4814063635,1961882.8638540942,POINT (960263.4814063635 1961882.8638540942)
세빛섬,서초구,서울 서초구 올림픽대로 2085-14 (반포동),126.995962256954,37.5124362037118,955455.306471967,1946025.340204646,POINT (955455.306471967 1946025.340204646)
송은(SONGEUN),강남구,서울 강남구 도산대로 441 (청담동),127.044120642323,37.5241627891516,959717.6670034297,1947304.6229147036,POINT (959717.6670034297 1947304.6229147036)
세운상가,종로구,"서울 종로구 청계천로 159 (장사동, 세운상가)",126.995239727442,37.5692814302828,955425.3070890165,1952332.3495280421,POINT (955425.3070890165 1952332.3495280421)
지대방,종로구,서울 종로구 인사동길 33 2층,126.985508845877,37.5734820676018,954568.5320213329,1952803.0503100893,POINT (954568.5320213329 1952803.0503100893)
숙정문,성북구,"서울 성북구 대사관로 1 (성북동, 홍련사(조계종))",126.98342224198,37.5968606715659,954398.5398622573,1955397.810139949,POINT (954398.5398622573 1955397.810139949)
서촌한옥마을,종로구,서울 종로구 필운대로 45 (누하동),126.968508490721,37.5801925160173,953071.5385832756,1953555.8991441762,POINT (953071.5385832756 1953555.8991441762)
신당창작아케이드,중구,서울 중구 마장로 87 (황학동) 신당지하쇼핑센터,127.019357377705,37.568494451339,957554.6706523602,1952233.8710068231,POINT (957554.6706523602 1952233.8710068231)
떡박물관,종로구,"서울 종로구 돈화문로 71 (와룡동, 떡박물관)",126.990638129224,37.5748995802783,955022.3223490473,1952957.8487171219,POINT (955022.3223490473 1952957.8487171219)
안동교회 소허당,종로구,서울 종로구 윤보선길 57 (안동교회),126.983158150038,37.5783809132476,954363.945270424,1953347.6931418306,POINT (954363.945270424 1953347.6931418306)
짐프리 물품보관소,마포구,"서울 마포구 양화로 161 (동교동, 케이스퀘어)",126.923315607444,37.5569362179065,949065.3293813213,1950999.2554894465,POINT (949065.3293813213 1950999.2554894465)
창신동 절벽마을,종로구,서울 종로구 낙산5길 51,127.011596787935,37.5782558563534,956874.9616086524,1953320.3844516794,POINT (956874.9616086524 1953320.3844516794)
아르코 미술관,종로구,"서울 종로구 동숭길 3 (동숭동, 한국문화예술진흥원)",127.003256182632,37.5805022887696,956139.8157184968,1953573.4766466375,POINT (956139.8157184968 1953573.4766466375)
피겨앤그라운드,강남구,"서울 강남구 논현로153길 53 (신사동, 피겨앤그라운드)",127.023901473322,37.5201623030796,957928.8075003759,1946869.6434822213,POINT (957928.8075003759 1946869.6434822213)
운현궁 ,종로구,서울 종로구 삼일대로 464 (운현궁),126.986981427118,37.5756967940777,954699.9089146528,1953048.052564266,POINT (954699.9089146528 1953048.052564266)
롯데월드 민속박물관,송파구,"서울 송파구 올림픽로 240 (잠실동, 롯데월드)",127.098141751177,37.5113096112036,964485.0015998483,1945856.880595052,POINT (964485.0015998483 1945856.880595052)
석파정,종로구,서울 종로구 창의문로11길 4-1,126.962428778162,37.5949660263908,952544.1021239309,1955198.008848109,POINT (952544.1021239309 1955198.008848109)
명동성당,중구,서울 중구 명동길 74 (명동성당),126.986775823267,37.5636758699882,954674.4696323506,1951714.4889990077,POINT (954674.4696323506 1951714.4889990077)
안중근의사기념관,중구,"서울 중구 소월로 91 (남대문로5가, 안중근의사기념관)",126.980404324804,37.5534684886426,954105.504670834,1950585.123803242,POINT (954105.504670834 1950585.123803242)
고려대학교 본관 및 구 중앙도서관,성북구,"서울 성북구 안암로 145 (안암동5가, 고려대학교안암캠퍼스)",127.031698331241,37.5887034223667,958655.6769954863,1954470.4541923162,POINT (958655.6769954863 1954470.4541923162)
명동함흥면옥,중구,서울 중구 명동10길 35-19 (명동2가),126.985685790889,37.5627701513326,954577.6525542478,1951614.5303228109,POINT (954577.6525542478 1951614.5303228109)
을지로 노가리 골목,중구,서울 중구 충무로9길 12 (을지로3가),126.991821171194,37.5669876682873,955122.0407950749,1952079.4951023834,POINT (955122.0407950749 1952079.4951023834)
만나분식,강남구,"서울 강남구 삼성로 212 (대치동, 은마아파트)",127.065915414443,37.4996157705058,961630.9387900091,1944572.1755960842,POINT (961630.9387900091 1944572.1755960842)
백인제가옥,종로구,서울 종로구 북촌로7길 16 (가회동),126.984092922693,37.5804450398958,954447.7419015472,1953576.2446318828,POINT (954447.7419015472 1953576.2446318828)
별마당 도서관,강남구,"서울 강남구 영동대로 513 (삼성동, 코엑스)",127.059159043842,37.5118239121138,961040.0799608442,1945929.3666984665,POINT (961040.0799608442 1945929.3666984665)
만나분식,종로구,서울 종로구 필운대로1길 4 1층,126.969094847948,37.5773603962147,953121.5362128565,1953241.395852357,POINT (953121.5362128565 1953241.395852357)
봉황각,강북구,서울특별시 강북구 삼양로173길 107-12 (우이동),127.006060325301,37.6601985055374,956433.9414046817,1962414.145257447,POINT (956433.9414046817 1962414.145257447)
연세대학교 스팀슨관&언더우드관&아펜젤러관,서대문구,서울특별시 서대문구 연세로 50 (신촌동),126.943916239886,37.5660508394158,950890.8435767165,1951999.514536953,POINT (950890.8435767165 1951999.514536953)
종묘돌담길,종로구,서울 종로구 권농동 104-1,126.992242739442,37.5741874602965,955163.586658728,1952878.0755046103,POINT (955163.586658728 1952878.0755046103)
잠실역 물품보관소,송파구,"서울 송파구 올림픽로 지하 265 (신천동, 잠실역2호선)",127.101857941447,37.513859279255,964814.6254346998,1946138.3537093506,POINT (964814.6254346998 1946138.3537093506)
장수갈비집본가,중구,서울 중구 명동2길 54-1 (충무로1가),126.983126635022,37.5610101668668,954350.5618339165,1951420.5088341879,POINT (954350.5618339165 1951420.5088341879)
창의문,종로구,서울특별시 종로구 창의문로 118 (부암동),126.966495700565,37.5926044901685,952901.6376442638,1954933.9593483103,POINT (952901.6376442638 1954933.9593483103)
가무,중구,서울 중구 명동4길 16,126.983615711878,37.5629934194387,954394.9655776896,1951640.303310776,POINT (954394.9655776896 1951640.303310776)
사육신공원,동작구,"서울 동작구 노량진로 191 (노량진동, 사육신묘지공원)",126.949411135441,37.5134579901091,951341.9497590656,1946161.758080007,POINT (951341.9497590656 1946161.758080007)
서울메트로미술관,종로구,"서울 종로구 사직로 지하 130 (적선동, 3호선 경복궁역)",126.973062710191,37.5758613027702,953470.964767729,1953073.1060255405,POINT (953470.964767729 1953073.1060255405)
삼성출판박물관,종로구,"서울 종로구 비봉길 2-2 (구기동, 삼성출판박물관)",126.957092157442,37.6086660197949,952081.7786363799,1956720.676285228,POINT (952081.7786363799 1956720.676285228)
aT센터,서초구,"서울 서초구 강남대로 27 (양재동, AT센터)",127.039136433366,37.4682787075426,959246.8937217313,1941106.7928818762,POINT (959246.8937217313 1941106.7928818762)
상진다방,영등포구,"서울 영등포구 도림로133길 9 (문래동2가, 상진빌딩)",126.894526762351,37.5134993088594,946491.5517876307,1946196.1412916586,POINT (946491.5517876307 1946196.1412916586)
가나아트센터,종로구,서울 종로구 평창30길 28 (가나아트센타),126.97512913242,37.6122904729365,953676.0209538301,1957113.7414025548,POINT (953676.0209538301 1957113.7414025548)
갤러리 3안,종로구,서울 종로구 북촌로 137-7 (삼청동),126.98299884081,37.5869565462596,954355.1147292206,1954299.197294415,POINT (954355.1147292206 1954299.197294415)
서울시립과학관,노원구,"서울 노원구 한글비석로 160 (하계동, 서울시립과학관)",127.07743706477,37.6419941138165,962720.386072177,1960363.6716149605,POINT (962720.386072177 1960363.6716149605)
가을단풍길(월드컵로),마포구,서울 마포구 월드컵로42길 9-1 (가로판매대07),126.881709454186,37.5781856263782,945406.0123387047,1953380.143367091,POINT (945406.0123387047 1953380.143367091)
e스포츠 명예의 전당,마포구,서울시 마포구 매봉산로 31 에스플렉스센터 시너지움 11층,126.889972593033,37.5757269662412,946133.8692524023,1953102.5958083756,POINT (946133.8692524023 1953102.5958083756)
약현성당,중구,서울시 중구 청파로 447-1,126.966980133221,37.5591934088751,952923.3747356068,1951226.913602893,POINT (952923.3747356068 1951226.913602893)
아쿠아플라넷63,영등포구,"서울 영등포구 63로 50 (여의도동, 63한화생명빌딩)",126.939909338068,37.5196641552816,950506.3247498691,1946855.2533610074,POINT (950506.3247498691 1946855.2533610074)
용산가족공원,용산구,서울 용산구 서빙고로 185 (용산공원),126.984157658103,37.5201286099941,954416.7386874253,1946884.4215854795,POINT (954416.7386874253 1946884.4215854795)
갤러리 지우헌,종로구,서울 종로구 북촌로11라길 13 (가회동),126.982999426985,37.5833833879584,954352.9846107587,1953902.7714822015,POINT (954352.9846107587 1953902.7714822015)
서울역사박물관 온라인 교육 서비스,종로구,서울 종로구 새문안로 55 (신문로2가),126.97107522045,37.5704968494713,953292.1160280368,1952478.931575585,POINT (953292.1160280368 1952478.931575585)
청담대교,광진구,서울 광진구 강변북로 68,127.064225393065,37.5310073978046,961497.6868406415,1948055.571318577,POINT (961497.6868406415 1948055.571318577)
갤러리 광화,종로구,"서울 종로구 새문안로 103 (신문로1가, 갤러리광화) 1층,2층",126.976089119166,37.5705293260846,953734.90285422,1952480.054206669,POINT (953734.90285422 1952480.054206669)
스퀘어랩 물품보관소,마포구,"서울 마포구 신촌로2길 16 (동교동, 스타빌딩)",126.927100110435,37.5577241946357,949400.1249386984,1951084.633605617,POINT (949400.1249386984 1951084.633605617)
JS슈즈디자인연구소,성동구,서울 성동구 연무장길 57 (2층),127.055803844555,37.5423763558831,960759.5656808328,1949320.3722237672,POINT (960759.5656808328 1949320.3722237672)
독수리다방,서대문구,서울 서대문구 연세로 36 독수리빌딩 8층,126.937240313986,37.5587839163385,950296.4432143259,1951196.7939375183,POINT (950296.4432143259 1951196.7939375183)
삼청로 안내소,종로구,서울 종로구 삼청로 68 (안송빌딩),126.981332211855,37.5815765540101,954204.675017834,1953703.12307605,POINT (954204.675017834 1953703.12307605)
생각꿈틀미술관,서초구,"서울특별시 서초구 동산로 55, 언남고등학교 내 언남문화체육센터 (양재동)",127.043757102066,37.4723026220168,959657.6537602505,1941551.2287244457,POINT (959657.6537602505 1941551.2287244457)
서울도시재생이야기관,종로구,"서울 종로구 송월길 2 (신문로2가, 서울도시건축센터)",126.968746691077,37.5685333472923,953085.256932866,1952262.2504714183,POINT (953085.256932866 1952262.2504714183)
갤러리 학고재,종로구,서울특별시 종로구 삼청로 50 (소격동),126.980316758246,37.5804654638012,954114.3338628088,1953580.3482930218,POINT (954114.3338628088 1953580.3482930218)
갤러리조선,종로구,서울 종로구 북촌로5길 64 (소격동),126.981472660613,37.5799446061397,954216.0765517512,1953521.9976089615,POINT (954216.0765517512 1953521.9976089615)
코스모스 분식,은평구,서울 은평구 연서로15길 2 (구산동),126.916572107654,37.6105438866914,948506.6553199976,1956950.471859365,POINT (948506.6553199976 1956950.471859365)
합덕슈퍼,용산구,서울 용산구 이태원로42길 20 (한남동),126.999922383587,37.5356660980082,955818.9891223216,1948600.6946728898,POINT (955818.9891223216 1948600.6946728898)
영휘원 숭인원(홍릉),동대문구,서울 동대문구 홍릉로 90 (영휘원),127.043537625987,37.5895837930767,959701.3974340552,1954562.9816168812,POINT (959701.3974340552 1954562.9816168812)
스마트서울 전시관,중구,"서울 중구 세종대로 110 (태평로1가, 서울특별시청) B1",126.977918351844,37.566370776634,953893.875104184,1952017.784337359,POINT (953893.875104184 1952017.784337359)
스튜디오 콘크리트,용산구,서울 용산구 한남대로 162 (한남동),127.002536566133,37.5424331225454,956053.9210224636,1949350.2336209954,POINT (956053.9210224636 1949350.2336209954)
시민청 관광안내소,중구,중구 세종대로 110(신청사 지하 1층 시민청 내 인포데스크),126.977918351844,37.566370776634,953893.875104184,1952017.784337359,POINT (953893.875104184 1952017.784337359)
예술가의 집 (구 서울대학교 본관),종로구,서울특별시 종로구 동숭길 3 (동숭동),127.003256182632,37.5805022887696,956139.8157184968,1953573.4766466375,POINT (956139.8157184968 1953573.4766466375)
용산역관광정보센터,용산구,"서울 용산구 한강대로23길 55 (한강로3가, 용산역)",126.964741503485,37.5297718014452,952707.0732860692,1947963.864699316,POINT (952707.0732860692 1947963.864699316)
롯데월드타워,송파구,서울 송파구 올림픽로 300 (신천동),127.104301829165,37.5137129859207,965030.5340134429,1946121.21227489,POINT (965030.5340134429 1946121.21227489)
오장동함흥냉면,중구,"서울 중구 마른내로 108 (오장동, 오장동함흥냉면)",126.999883983625,37.5642721691252,955832.4800964152,1951774.4041467663,POINT (955832.4800964152 1951774.4041467663)
영등포관광정보센터,영등포구,"서울 영등포구 영중로 15 (영등포동4가, 타임스퀘어)",126.903715993779,37.5172332566615,947306.279588467,1946605.2157964532,POINT (947306.279588467 1946605.2157964532)
서울백제어린이박물관,송파구,서울 송파구 올림픽로 424 (몽촌역사관),127.115517876627,37.5203396980951,966024.7504723956,1946852.2940869436,POINT (966024.7504723956 1946852.2940869436)
마복림 할머니집,중구,서울 중구 다산로35길 5 (신당동),127.015116325142,37.5632211802975,957177.1243110044,1951650.7525186334,POINT (957177.1243110044 1951650.7525186334)
동양방아간,종로구,서울 종로구 자하문로40길 77 (부암동),126.96599776497,37.5934940772285,952858.2401714082,1955032.9049780825,POINT (952858.2401714082 1955032.9049780825)
용산공원갤러리,용산구,서울 용산구 한강대로 237,126.972463802885,37.5388010721099,953395.0037993118,1948961.7576491446,POINT (953395.0037993118 1948961.7576491446)
만포면옥,은평구,"서울 은평구 연서로 171 (갈현동, 동연빌딩)",126.917460367247,37.6141425195587,948587.5313581773,1957349.2397817774,POINT (948587.5313581773 1957349.2397817774)
이음피움 봉제역사관,종로구,"서울 종로구 창신4가길 26 (창신동, 이음피움 봉제역사관)",127.010374118278,37.5748141714685,956765.0117030066,1952939.1082094815,POINT (956765.0117030066 1952939.1082094815)
페이스갤러리 서울,용산구,서울 용산구 이태원로 267 페이스갤러리,127.001133061453,37.5384987479277,955927.6183554173,1948914.3933112505,POINT (955927.6183554173 1948914.3933112505)
겸재정선미술관,강서구,"서울 강서구 양천로47길 36 (가양동, 겸재정선미술관)",126.838412693156,37.572228016527,941578.2862357722,1952745.2119805613,POINT (941578.2862357722 1952745.2119805613)
리움 미술관 ,용산구,서울 용산구 이태원로55길 60-16 (한남동),126.999294071613,37.5384612696435,955765.1296501757,1948911.0988064103,POINT (955765.1296501757 1948911.0988064103)
삼보원,종로구,서울 종로구 우정국로 53 (견지동) 삼보원,126.982732533084,37.5737722650002,954323.5488809791,1952836.5923635897,POINT (954323.5488809791 1952836.5923635897)
유일한의원,종로구,서울 종로구 율곡로30길 17-3,127.007231014929,37.5721471906791,956485.9155594413,1952644.670770701,POINT (956485.9155594413 1952644.670770701)
서정 아트 서울,강남구,서울 강남구 봉은사로47길 12 (논현동),127.041219432016,37.5106281532637,959453.9868149315,1945804.2840339094,POINT (959453.9868149315 1945804.2840339094)
창덕궁 후원 ,종로구,"서울 종로구 율곡로 99 (와룡동, 창덕궁)",126.989710338876,37.5788697347103,954942.7883991661,1953398.7629596156,POINT (954942.7883991661 1953398.7629596156)
서울기록문화관,중구,"서울 중구 세종대로 110 (태평로1가, 서울특별시청) 서울도서관 3층",126.977918351844,37.566370776634,953893.875104184,1952017.784337359,POINT (953893.875104184 1952017.784337359)
은평역사한옥박물관,은평구,"서울 은평구 연서로50길 8 (진관동, 은평역사한옥박물관)",126.938008171987,37.6403336262874,950418.4100249511,1960243.9936955906,POINT (950418.4100249511 1960243.9936955906)
서울상회,중구,서울 중구 남대문시장4길 2,126.977230030183,37.5600946651131,953829.2143402674,1951321.818886989,POINT (953829.2143402674 1951321.818886989)
셋이서문학관,은평구,서울시 은평구 진관길 23 셋이서문학관,126.941165084265,37.6415095859352,950697.7072750742,1960372.798738091,POINT (950697.7072750742 1960372.798738091)
의학박물관 (구 대한의원) ,종로구,서울특별시 종로구 대학로 101 (연건동),126.997196437908,37.5804523853297,955604.7350885643,1953570.7865114682,POINT (955604.7350885643 1953570.7865114682)
가회민화박물관　,종로구,서울 종로구 북촌로 52 (가회동) 가회민화박물관,126.985262518095,37.581539718891,954551.6780495275,1953697.1276680387,POINT (954551.6780495275 1953697.1276680387)
세븐웰제화,중구,서울 중구 칠패로 6,126.969552880919,37.559286272354,953150.6611456763,1951235.930824601,POINT (953150.6611456763 1951235.930824601)
인사동길 내 물품보관소,종로구,서울 종로구 인사동길 55-1,126.983667440764,37.5749008038661,954406.7929987976,1952961.3442600938,POINT (954406.7929987976 1952961.3442600938)
쇳대박물관,종로구,서울 종로구 낙산성곽서1길 24 (이화동),127.008138268634,37.5780827941704,956569.4787329513,1953302.7772168003,POINT (956569.4787329513 1953302.7772168003)
명동관광정보센터,중구,서울 중구 을지로 66 하나금융그룹 명동사옥 별관1층,126.985010733916,37.5651546444578,954519.4832493307,1951879.4044109965,POINT (954519.4832493307 1951879.4044109965)
오보코 갤러리,성북구,서울특별시 성북구 선잠로5길 15 (성북동),126.995745610967,37.596813375882,955486.3777490767,1955386.6501229822,POINT (955486.3777490767 1955386.6501229822)
용마산 스카이워크 전망대,중랑구,서울 중랑구 면목동 서울둘레길 4코스(망우?용마산) 내 용마산 스카이워크 전망대,127.1031919761307,37.5828982720344,964964.848530522,1953797.3345489185,POINT (964964.848530522 1953797.3345489185)
정동극장,중구,"서울 중구 정동길 43 (정동, 정동극장)",126.972844434584,37.5659336365406,953445.5115164439,1951971.7872923415,POINT (953445.5115164439 1951971.7872923415)
장가구 ,은평구,서울 은평구 연서로4길 19 (역촌동),126.918148141435,37.602732419623,948640.3863798749,1956082.9565484547,POINT (948640.3863798749 1956082.9565484547)
경복궁,종로구,"서울 종로구 사직로 161 (세종로, 경복궁)",126.976842133821,37.5759040910202,953804.7201066718,1953075.9881847932,POINT (953804.7201066718 1953075.9881847932)
경은상사,종로구,서울 종로구 삼일대로 428 낙원상가 2층 B-282호,126.987902476529,37.5727635233966,954779.4654219155,1952722.1766101862,POINT (954779.4654219155 1952722.1766101862)
카이스갤러리,강남구,서울 강남구 언주로174길 13 (신사동) 1층,127.03502369684,37.5284646981472,958916.1990623818,1947785.8288567958,POINT (958916.1990623818 1947785.8288567958)
황해이발관,강북구,서울 강북구 솔매로 35-1 (미아동),127.016344995404,37.6255551346873,957321.251151379,1958565.8614237667,POINT (957321.251151379 1958565.8614237667)
경희궁,종로구,서울 종로구 새문안로 45 (경희궁),126.96798487452,37.5717690679936,953020.0132614378,1952621.618775804,POINT (953020.0132614378 1952621.618775804)
뮤지엄김치간,종로구,서울 종로구 인사동길 35-4 (관훈동),126.984865059281,37.5735538862116,954511.7265766971,1952811.3297223933,POINT (954511.7265766971 1952811.3297223933)
DDP 관광안내소,중구,"서울 중구 을지로 281 (을지로7가, 디자인장터) 지하 2층 종합안내소",127.010890355484,37.5680445876689,956806.6873617262,1952187.8190737118,POINT (956806.6873617262 1952187.8190737118)
인천국제공항 제 1터미널 서울관광정보센터 (동편),중구,인천광역시 중구 공항로 272 (운서동) 인천국제공항 제1여객터미널 1층 입국장 5번출구,126.427699293474,37.458350712273,905165.1873594174,1940445.4103605587,POINT (905165.1873594174 1940445.4103605587)
돈의문 박물관 마을,종로구,"서울 종로구 송월길 14-3 (신문로2가, 국도빌딩)",126.968525728353,37.5688253913595,953065.926922227,1952294.7616913263,POINT (953065.926922227 1952294.7616913263)
용산공예관,용산구,"서울 용산구 이태원로 274 (한남동, 용산공예관)",127.002075483615,37.5390272618407,956011.1876402748,1948972.5877170255,POINT (956011.1876402748 1948972.5877170255)
자성당약국,강서구,서울 강서구 방화대로21길 76 (공항동),126.812508487077,37.5639888663415,939284.0900304064,1951847.5333180781,POINT (939284.0900304064 1951847.5333180781)
고려삼계탕,중구,서울 중구 서소문로11길 1 (서소문동),126.972911826174,37.562998746872,953449.6368555839,1951646.1423595126,POINT (953449.6368555839 1951646.1423595126)
손맛김밥,종로구,서울 종로구 자하문로15길 18,126.969947621917,37.5807670044059,953198.968361875,1953618.9180544836,POINT (953198.968361875 1953618.9180544836)
고터?세빛 관광안내소,서초구,서울 서초구 반포대로 333 공공보행통로 내(G2출구~반포한강공원),126.995904034712,37.5077735030051,955447.3896641707,1945508.0693202587,POINT (955447.3896641707 1945508.0693202587)
순희네 반찬,종로구,서울 종로구 창경궁로 88 1층 광장시장 65-1,126.999798964693,37.5701196320637,955828.4248119454,1952423.1909022825,POINT (955828.4248119454 1952423.1909022825)
송림수제화,중구,서울특별시 중구 수표로 60-1 (을지로3가 5-10)3~4층,126.989842197531,37.5665858506287,954947.0317496496,1952035.862356172,POINT (954947.0317496496 1952035.862356172)
진고개 동대문점,종로구,서울 종로구 종로 301-1 (창신동),127.011161843143,37.5721873391473,956833.0536596219,1952647.3119184675,POINT (956833.0536596219 1952647.3119184675)
석교식당 ,서대문구,서울 서대문구 통일로 185 (영천동),126.962281820841,37.5700187320924,952515.2858292202,1952430.2940879983,POINT (952515.2858292202 1952430.2940879983)
공근혜갤러리,종로구,서울 종로구 삼청로7길 38 (삼청동),126.97967490139,37.5840268022577,954059.8489116309,1953975.776023428,POINT (954059.8489116309 1953975.776023428)
KCDF갤러리,종로구,"서울 종로구 인사동11길 8 (관훈동, 공예종합유통지원센터)",126.984128478814,37.5740079809751,954446.9600151192,1952862.0662126376,POINT (954446.9600151192 1952862.0662126376)
THEO 띠오,강남구,"서울 강남구 봉은사로68길 55-3 (삼성동, BANG2011) 지하 1층",127.052810669685,37.5091052569619,960477.5973352778,1945630.3965567164,POINT (960477.5973352778 1945630.3965567164)
쌍마스튜디오,영등포구,"서울 영등포구 여의나루로 81 (여의도동, 한마루빌딩)",126.927731741938,37.5243213718368,949433.3580708259,1947378.422467502,POINT (949433.3580708259 1947378.422467502)
갤러리 현대,종로구,"서울 종로구 삼청로 14 (사간동, 현대갤러리)",126.979832722889,37.5773204623898,954069.6635260559,1953231.661664738,POINT (954069.6635260559 1953231.661664738)
경희대학교 서울캠퍼스,동대문구,"서울 동대문구 경희대로 26 (회기동, 경희대학교,경희초,중,고,여자중고등학교)",127.054890960564,37.5939491407769,960706.0226861272,1955042.4855601962,POINT (960706.0226861272 1955042.4855601962)
성균관대학교,종로구,"서울 종로구 성균관로 25-2 (명륜3가, 성균관대학교)",126.993115116294,37.5872284082508,955248.427096033,1954324.4912558533,POINT (955248.427096033 1954324.4912558533)
두타몰 물품보관소,중구,"서울 중구 장충단로 275 (을지로6가, 두산타워빌딩)",127.008775114213,37.5688849422849,956620.3764216377,1952282.0265762766,POINT (956620.3764216377 1952282.0265762766)
신락원,동대문구,서울 동대문구 전농로20길 2 (전농동),127.057164463607,37.5788979681127,960898.8549089445,1953371.6825081678,POINT (960898.8549089445 1953371.6825081678)
아트사이드 갤러리,종로구,"서울 종로구 자하문로6길 15 (통의동, 갤러리 아트싸이드)",126.972946031397,37.5782683724918,953462.1599812229,1953340.2169084111,POINT (953462.1599812229 1953340.2169084111)
마포옥,마포구,서울특별시 마포구 토정로 312 1층,126.943351207119,37.5398742377381,950823.7462876478,1949095.6469168493,POINT (950823.7462876478 1949095.6469168493)
송파관광정보센터,송파구,"서울 송파구 잠실로 180 (신천동, 송파관광정보센터)",127.105138547809,37.5113239532932,965103.3662632715,1945855.8538227524,POINT (965103.3662632715 1945855.8538227524)
연세대 캠퍼스,서대문구,"서울 서대문구 연세로 50 (신촌동, 연세대학교)",126.943916239886,37.5660508394158,950890.8435767165,1951999.514536953,POINT (950890.8435767165 1951999.514536953)
이태원 관광안내소(지하),용산구,"서울 용산구 이태원로 지하 177 (이태원동, 6호선 이태원역) 이태원역사 내",126.993721655506,37.534483277545,955270.4551314728,1948472.3985841437,POINT (955270.4551314728 1948472.3985841437)
박선영전통한복연구실,종로구,서울 종로구 율곡로 227 (이화동),127.004234082328,37.5761633402492,956223.6200445195,1953091.6350590372,POINT (956223.6200445195 1953091.6350590372)
연희사진관,서대문구,서울 서대문구 이화여대길 16,126.946012160938,37.5575901973042,951070.4081462816,1951059.7540873007,POINT (951070.4081462816 1951059.7540873007)
영학정,양천구,서울 양천구 목동동로 316-8 (영학정),126.879009593617,37.5283243936952,945131.072223182,1947849.8444626315,POINT (945131.072223182 1947849.8444626315)
아트선재센터,종로구,"서울 종로구 율곡로3길 87 (소격동, 아트선재센타)",126.981839239613,37.5794635323506,954248.1498835472,1953468.446135665,POINT (954248.1498835472 1953468.446135665)
삼세영,종로구,서울 종로구 평창44길 2 (평창동) 삼세영,126.978292871538,37.6136318587605,953956.0748591097,1957261.0062577007,POINT (953956.0748591097 1957261.0062577007)
상신당,강남구,서울 강남구 강남대로146길 7 (논현동) 금원빌딩 505호,127.02071838876,37.5148445513632,957644.521946149,1946281.0992178135,POINT (957644.521946149 1946281.0992178135)
예술의전당 한가람미술관,서초구,서울특별시 서초구 남부순환로 2406 (서초동),127.014215239186,37.4802401962069,957050.001855734,1942444.91364375,POINT (957050.001855734 1942444.91364375)
요요 물품보관소,중구,"서울 중구 소공로 지하 102 (남대문로2가, 소공지하쇼핑센터)",126.979061355268,37.5643059017854,953993.5469547119,1951788.136493865,POINT (953993.5469547119 1951788.136493865)
윤봉길 의사 기념관,서초구,서울 서초구 매헌로 99,127.036977084936,37.4730498033959,959058.5487572025,1941637.0492944326,POINT (959058.5487572025 1941637.0492944326)
을지로3가역 물품보관소,중구,서울 중구 을지로 지하 106 (을지로3가역 2호선),126.990308356253,37.56626594615,954988.0068618819,1952000.147158508,POINT (954988.0068618819 1952000.147158508)
전쟁기념관,용산구,"서울 용산구 이태원로 29 (용산동1가, 전쟁기념관)",126.978466063237,37.5373140468913,953924.360174169,1948793.8223377482,POINT (953924.360174169 1948793.8223377482)
의릉,성북구,서울 성북구 화랑로32길 146-37 (의릉),127.053931211593,37.6063458637902,960627.8295356187,1956418.2468944767,POINT (960627.8295356187 1956418.2468944767)
서울공예박물관 ,종로구,"서울 종로구 율곡로3길 4 (안국동, 서울공예박물관)",126.983261339115,37.576611194995,954371.9768112439,1953151.3011533748,POINT (954371.9768112439 1953151.3011533748)
정독도서관,종로구,서울 종로구 북촌로5길 48 (정독도서관),126.983870059299,37.5812654545612,954428.5640109025,1953667.373894743,POINT (954428.5640109025 1953667.373894743)
인천공항 제2여객터미널 관광정보센터 ,중구,인천광역시 중구 제2터미널대로 444 (운서동) 인천국제공항 제2여객터미널 1층 입국장,126.432102533423,37.4704259821903,905569.8142488833,1941780.7016291681,POINT (905569.8142488833 1941780.7016291681)
정동1928 아트센터,중구,"서울 중구 덕수궁길 130 (정동, 구세군중앙회관) 정동1928 아트센터",126.973957385284,37.5679960866099,953545.08070875,1952200.0552840354,POINT (953545.08070875 1952200.0552840354)
성원전주콩나물국밥,중구,서울 중구 명동10길 19-10 (명동2가),126.985978890595,37.5630261596096,954603.6935728553,1951642.7915386665,POINT (954603.6935728553 1951642.7915386665)
세운청계상가,중구,"서울 중구 청계천로 160 (산림동, 세운청계상가)",126.995365114169,37.5679798569884,955435.6044213464,1952187.886942825,POINT (955435.6044213464 1952187.886942825)
전태일기념관,종로구,"서울 종로구 청계천로 105 (관수동, 전태일기념관)",126.989300313392,37.5684664512813,954900.3105362479,1952244.765630915,POINT (954900.3105362479 1952244.765630915)
중앙고등학교,종로구,"서울 종로구 창덕궁길 164 (계동, 중앙고등학교)",126.987472622092,37.5837882231459,954748.1797524557,1953945.5218113547,POINT (954748.1797524557 1953945.5218113547)
정동제일교회,중구,서울특별시 중구 정동길 46 (정동),126.972449793841,37.5651830153812,953410.1920093312,1951888.7051323222,POINT (953410.1920093312 1951888.7051323222)
일등식당,마포구,서울 마포구 방울내로 82 (망원동),126.904350324808,37.5605651073381,947392.7890429124,1951412.310010175,POINT (947392.7890429124 1951412.310010175)
일민미술관,종로구,"서울 종로구 세종대로 152 (세종로, 일민미술관)",126.977657083792,37.5698677620456,953872.9583933598,1952405.8860203845,POINT (953872.9583933598 1952405.8860203845)
정동길,중구,서울 중구 정동길 2 (충정로1가),126.969234203738,37.5680078344819,953127.9799678848,1952203.7040845181,POINT (953127.9799678848 1952203.7040845181)
조계사,종로구,서울특별시 종로구 우정국로 55 (조계사),126.981881684461,37.5738931410856,954248.4895165112,1952850.416955999,POINT (954248.4895165112 1952850.416955999)
종로3가역 물품보관소,종로구,"서울 종로구 종로 지하 129 (종로3가, 1호선 종로3가역)",126.99202930223,37.5704266025836,955142.4837074536,1952460.9285186622,POINT (955142.4837074536 1952460.9285186622)
박노수미술관,종로구,"서울 종로구 옥인1길 34 (옥인동, 박노수 가옥)",126.966818545949,37.5813191962491,952923.0319108836,1953681.744671852,POINT (952923.0319108836 1953681.744671852)
ECC(Ewha Campus Complex),서대문구,"서울 서대문구 이화여대길 52 (대현동, 이화여자대학교)",126.950288837762,37.5644645178259,951452.5987605482,1951820.2086461412,POINT (951452.5987605482 1951820.2086461412)
광희문,중구,서울 중구 퇴계로 350 (신당동),127.010459267728,37.5644413634852,956766.5352683631,1951788.2578214323,POINT (956766.5352683631 1951788.2578214323)
을지다방,중구,서울 중구 을지로 124-1 2층,126.99167977913,37.5661204498117,955109.0337510388,1951983.3490583787,POINT (955109.0337510388 1951983.3490583787)
안녕인사동 ,종로구,서울 종로구 인사동길 49 (관훈동) 안녕인사동,126.983552182559,37.5744668688197,954396.3507691184,1952913.257179751,POINT (954396.3507691184 1952913.257179751)
경찰박물관,종로구,서울 종로구 송월길 162,126.962196007118,37.5720572964048,952509.0022296505,1952656.5064759338,POINT (952509.0022296505 1952656.5064759338)
경희대학교 자연사박물관,동대문구,서울특별시 동대문구 경희대로 26 자연사박물관,127.054890960564,37.5939491407769,960706.0226861272,1955042.4855601962,POINT (960706.0226861272 1955042.4855601962)
국제갤러리,종로구,서울특별시 종로구 삼청로 54 (소격동),126.98057390782,37.5807206678387,954137.1957109175,1953608.5364208152,POINT (954137.1957109175 1953608.5364208152)
잉꼬네떡볶이,중랑구,서울 중랑구 용마산로120길 43,127.103048629635,37.6016128233585,964960.967447253,1955873.6751813672,POINT (964960.967447253 1955873.6751813672)
종묘,종로구,"서울 종로구 종로 157 (훈정동, 종묘공원)",126.994863544656,37.5731337998335,955394.3843220847,1952759.9295669738,POINT (955394.3843220847 1952759.9295669738)
만해한용운 심우장,성북구,서울 성북구 성북로29길 24 (만해 한용운 심우장),126.991664715178,37.5936269817903,955124.2161342514,1955035.0760440263,POINT (955124.2161342514 1955035.0760440263)
신흥상회,영등포구,서울 영등포구 도림로126길 1 (문래동3가),126.896507333338,37.5139792234346,946666.927147342,1946248.2606240315,POINT (946666.927147342 1946248.2606240315)
박인당,종로구,"서울 종로구 종로 88 (종로2가, 경영빌딩) 302호",126.987182330255,37.5699504502726,954714.1694942365,1952410.4266584115,POINT (954714.1694942365 1952410.4266584115)
삼청동 수제비,종로구,서울 종로구 삼청로 101-1 (삼청동),126.981947585254,37.5846047083553,954260.8620150066,1954038.7830004229,POINT (954260.8620150066 1954038.7830004229)
종이나라박물관,중구,"서울 중구 장충단로 166 (장충동1가, 종이나라빌딩)",127.006153920631,37.5596497157976,956383.515579065,1951258.6383803359,POINT (956383.515579065 1951258.6383803359)
진관사,은평구,서울특별시 은평구 진관길 73 (진관동),126.946513261796,37.6378568370404,951167.1543728681,1959964.7414429386,POINT (951167.1543728681 1959964.7414429386)
진아춘 광화문점,종로구,"서울 종로구 새문안로 92 (신문로1가, 광화문오피시아)",126.974907969051,37.5696996246023,953630.0836601648,1952388.5850501743,POINT (953630.0836601648 1952388.5850501743)
서울아트센터 도암갤러리,종로구,"서울 종로구 평창문화로 70, 서울아트센터 도암 3층",126.967906461707,37.6057079931502,953034.4197612009,1956387.0307007327,POINT (953034.4197612009 1956387.0307007327)
설화철물,동작구,서울 동작구 사당로16길 7 (사당동),126.973850815896,37.4829138839281,953482.8686326221,1942760.7191165006,POINT (953482.8686326221 1942760.7191165006)
창경궁,종로구,"서울 종로구 창경궁로 185 (와룡동, 창경궁)",126.993841430623,37.5776239475981,955306.8105710731,1953258.5755531169,POINT (955306.8105710731 1953258.5755531169)
성신여대 복식박물관 및 자연사박물관,강북구,"서울 강북구 도봉로76가길 55 (미아동, 성신여자대학교운정그린캠퍼스) 운정그린캠퍼스 B1",127.027124202688,37.6320379987723,958276.0613492293,1959280.2621478993,POINT (958276.0613492293 1959280.2621478993)
서우제과,서초구,서울 서초구 방배중앙로 50,126.991202342392,37.4842644490596,955017.7468597506,1942902.1240978977,POINT (955017.7468597506 1942902.1240978977)
석굴암,종로구,서울 종로구 옥인동 산3-14,126.96053396869,37.58460805063,952370.2297781106,1954049.7961453123,POINT (952370.2297781106 1954049.7961453123)
채석장 전망대,종로구,서울 종로구 낙산5길 51 (창신동),127.011596787935,37.5782558563534,956874.9616086524,1953320.3844516794,POINT (956874.9616086524 1953320.3844516794)
세검정,종로구,서울특별시 종로구 세검정로 244 (세검정),126.95970458873,37.6008931085507,952307.3967859002,1955856.9735614131,POINT (952307.3967859002 1955856.9735614131)
청계천박물관,성동구,"서울 성동구 청계천로 530 (마장동, 청계천박물관)",127.03504316401,37.5712661734969,958941.4048282783,1952534.4099213346,POINT (958941.4048282783 1952534.4099213346)
청와대,종로구,서울 종로구 청와대로 1 (세종로),126.974936757836,37.5864756914613,953643.027985781,1954249.7969245384,POINT (953643.027985781 1954249.7969245384)
청원산방,종로구,서울 종로구 북촌로6길 27 (계동),126.986357149175,37.5804298262002,954647.6550042174,1953573.4612534828,POINT (954647.6550042174 1953573.4612534828)
을지로4가역 물품보관소,중구,서울 중구 을지로 지하 178 (을지로4가역 2호선),126.997852780281,37.5666369941572,955654.4960099675,1952037.7261665266,POINT (955654.4960099675 1952037.7261665266)
서울생활사박물관,노원구,서울 노원구 동일로174길 27 (공릉동) 서울생활사박물관,127.076936195632,37.6201739154268,962665.283468362,1957943.0094613251,POINT (962665.283468362 1957943.0094613251)
아다모스튜디오,성동구,"서울 성동구 성수일로 10 (성수동1가, 서울숲 ITCT 지식산업센터) B 104호",127.048828114958,37.541278064379,960142.7394792736,1949201.4571106706,POINT (960142.7394792736 1949201.4571106706)
청진옥 ,종로구,"서울 종로구 종로3길 32 (청진동, 청진빌딩) 1층",126.979463167521,37.571729636393,954033.5954307249,1952611.5669141852,POINT (954033.5954307249 1952611.5669141852)
암사동 선사주거지,강동구,서울 강동구 올림픽로 875 (서울 암사동 유적),127.130833358875,37.5598523707759,967395.3377558928,1951230.5667633663,POINT (967395.3377558928 1951230.5667633663)
서울올림픽기념관,송파구,"서울 송파구 올림픽로 424 (방이동, 올림픽공원)",127.115517876627,37.5203396980951,966024.7504723956,1946852.2940869436,POINT (966024.7504723956 1946852.2940869436)
어린이대공원 꿈마루,광진구,"서울 광진구 능동로 216 (능동, 어린이대공원)",127.078770241307,37.5520117940291,962793.2240194097,1950380.0323105173,POINT (962793.2240194097 1950380.0323105173)
춘당지,종로구,"서울 종로구 창경궁로 185 (와룡동, 창경궁)",126.993841430623,37.5776239475981,955306.8105710731,1953258.5755531169,POINT (955306.8105710731 1953258.5755531169)
성균관 명륜당,종로구,서울특별시 종로구 성균관로 25-1,126.995130662457,37.585831879528,955425.5429420375,1954168.5944627356,POINT (955425.5429420375 1954168.5944627356)
신아기념관,중구,"서울 중구 정동길 33 (정동, 신아일보)",126.972170048684,37.5662500894879,953386.1514920626,1952007.23049998,POINT (953386.1514920626 1952007.23049998)
예문사,중구,서울 중구 을지로 126-1,126.991954489492,37.5661256946289,955133.2973863522,1951983.7997525432,POINT (955133.2973863522 1951983.7997525432)
춘원당 한의약박물관,종로구,서울 종로구 돈화문로9길 27 (춘원당한방박물관),126.990242136551,37.5715005448529,954985.3092525007,1952580.9318357217,POINT (954985.3092525007 1952580.9318357217)
옛시장실 재현 공간,중구,"서울 중구 세종대로 110 (태평로1가, 서울특별시청) 서울도서관 3층",126.977918351844,37.566370776634,953893.875104184,1952017.784337359,POINT (953893.875104184 1952017.784337359)
춘추사,서대문구,서울 서대문구 이화여대8길 10,126.946328617632,37.5586738807316,951099.0668490295,1951179.818741182,POINT (951099.0668490295 1951179.818741182)
코끼리분식,마포구,서울 마포구 도화2길 3 (도화동),126.948796338712,37.5403361441386,951305.0920759004,1949144.0591955099,POINT (951305.0920759004 1949144.0591955099)
태극당,중구,서울 중구 동호로24길 7,127.005087759017,37.5595217348788,956289.2768152303,1951244.934858807,POINT (956289.2768152303 1951244.934858807)
용산공원 부분개방부지,용산구,"서울 용산구 서빙고로 221 (용산동6가, 미군 장교숙소5단지)",126.98918463406,37.5230097734164,954862.6945561026,1947201.645970749,POINT (954862.6945561026 1947201.645970749)
정릉,성북구,"서울 성북구 아리랑로19길 116 (정릉동, 정릉)",127.006676901021,37.6012265878,956453.9280934844,1955871.1510690837,POINT (956453.9280934844 1955871.1510690837)
보신각(상설타종행사),종로구,"서울 종로구 종로 54 (관철동, 보신각)",126.983677617361,37.5697673859634,954404.5620400956,1952391.8113940605,POINT (954404.5620400956 1952391.8113940605)
북악스카이웨이 북악팔각정,종로구,서울시 종로구 북악산로 267 (평창동),126.980551282647,37.601975429062,954148.2400615325,1955966.668441987,POINT (954148.2400615325 1955966.668441987)
서대문자연사박물관,서대문구,서울특별시 서대문구 연희로32길 51 (연희동),126.937858169171,37.5767519879565,950362.938459819,1953189.9405170646,POINT (950362.938459819 1953189.9405170646)
서울도시건축전시관,중구,서울 중구 세종대로 119 (태평로1가),126.976702419575,37.5668837502225,953786.8097204665,1952075.2935078756,POINT (953786.8097204665 1952075.2935078756)
태조대림감자국,은평구,서울 은평구 응암로 172 (응암동),126.916696422873,37.5872197565814,948501.5533901749,1954362.6850057086,POINT (948501.5533901749 1954362.6850057086)
평택 고여사집 냉면,서대문구,서울 서대문구 연희로 81-9 (연희동),126.929261397915,37.5656774341986,949596.3750414585,1951965.84628489,POINT (949596.3750414585 1951965.84628489)
피터팬1978,서대문구,서울 서대문구 증가로 10,126.931759938035,37.5693884840153,949819.5201126613,1952376.2327526973,POINT (949819.5201126613 1952376.2327526973)
서울상상나라,광진구,서울 광진구 능동로 216 (서울상상나라),127.078770241307,37.5520117940291,962793.2240194097,1950380.0323105173,POINT (962793.2240194097 1950380.0323105173)
옐로우 물품보관소,마포구,"서울 마포구 양화로 156 (동교동, LG팰리스빌딩)",126.923446601456,37.5561130617043,949076.3391270292,1950907.8593117972,POINT (949076.3391270292 1950907.8593117972)
잠실대교,송파구,"서울 송파구 한가람로 65 (잠실동, 한강사업본부 잠실안내센터)",127.086737282438,37.5176288053129,963480.1845569387,1946562.3208421012,POINT (963480.1845569387 1946562.3208421012)
흥인지문(동대문),종로구,"서울 종로구 종로 288 (종로6가, 흥인지문)",127.009703711735,37.5711672711877,956703.7017511234,1952534.8113142762,POINT (956703.7017511234 1952534.8113142762)
손가네닭한마리,종로구,"서울 종로구 종로66가길 10 (숭인동, 유림빌딩)",127.021385020305,37.5736925736747,957736.6694120425,1952809.6626653685,POINT (957736.6694120425 1952809.6626653685)
한강 이랜드크루즈,영등포구,"서울 영등포구 여의동로 280 이랜드크루즈 매표소, 서울 송파구 백제고분로 2 잠실 이크루즈",126.939020093353,37.5249632164977,950431.2499692886,1947443.623007228,POINT (950431.2499692886 1947443.623007228)
손기정기념관,중구,서울 중구 손기정로 101 (손기정 체육공원),126.964815746241,37.5554795035057,952729.8672857014,1950815.9607436003,POINT (952729.8672857014 1950815.9607436003)
형제대장간 ,은평구,서울 은평구 수색로 249 (수색동),126.895989653878,37.5813935447878,946669.2298113623,1953727.8456554555,POINT (946669.2298113623 1953727.8456554555)
한강버스,송파구,서울 송파구 잠실동 1-2 일대 잠실 선착장,127.082821269841,37.5200459437783,963135.3161068051,1946832.0146137166,POINT (963135.3161068051 1946832.0146137166)
한국금융사박물관,중구,"서울 중구 세종대로 135-5 (태평로1가, 조흥금융박물관) 3, 4층",126.976433052559,37.5685952282764,953764.0792753003,1952265.3061447928,POINT (953764.0792753003 1952265.3061447928)
스페이스K 서울,강서구,"서울 강서구 마곡중앙8로 32 (마곡동, 스페이스K 서울)",126.830974669978,37.5610929270592,940912.6658617137,1951514.470731906,POINT (940912.6658617137 1951514.470731906)
승진완구	,종로구,서울 종로구 종로52길 30,127.014184200551,37.5713401693665,957099.4592153323,1952551.9384331554,POINT (957099.4592153323 1952551.9384331554)
청송본관함흥냉면,서대문구,"서울 서대문구 연희맛로 6 (연희동, 에스빌딩)",126.928782516674,37.5658935655082,949554.2290029785,1951990.081998294,POINT (949554.2290029785 1951990.081998294)
홍대입구역 물품보관소,마포구,"서울 마포구 양화로 지하 160 (동교동, 홍대입구역)",126.923674307594,37.5568904093718,949096.9800790518,1950993.9789349195,POINT (949096.9800790518 1950993.9789349195)
아라리오갤러리 서울,종로구,서울 종로구 율곡로 85 아라리오갤러리,126.988514892719,37.5778802427982,954836.6353050971,1953289.5575303528,POINT (954836.6353050971 1953289.5575303528)
한국은행화폐박물관,중구,"서울특별시 중구 남대문로 39, 한국은행건물 (남대문로3가)",126.97972353038,37.5625151968969,954050.9272206774,1951589.14274132,POINT (954050.9272206774 1951589.14274132)
한지가헌,종로구,"서울 종로구 북촌로 31-9 (재동, SWNA)",126.98440432952,37.579537600411,954474.685369105,1953475.417523733,POINT (954474.685369105 1953475.417523733)
국궁전시관,종로구,서울 종로구 사직로9길 15-32 (사직동),126.963945833593,37.5779183632114,952667.232507498,1953305.88137944,POINT (952667.232507498 1953305.88137944)
아모레퍼시픽미술관,용산구,"서울 용산구 한강대로 100 (한강로2가, 아모레퍼시픽)",126.968673565462,37.5287911785354,953053.879813839,1947853.1001048756,POINT (953053.879813839 1947853.1001048756)
허준박물관,강서구,서울특별시 강서구 허준로 87 (가양동),126.851031243879,37.5678724473689,942689.2470804533,1952254.2087406034,POINT (942689.2470804533 1952254.2087406034)
중앙상회,종로구,서울 종로구 창덕궁길 162 (계동),126.986952390567,37.5831559397545,954701.8642811168,1953875.623637138,POINT (954701.8642811168 1953875.623637138)
지역관광 안테나숍(Seoul Regional Tourism Center),중구,서울 중구 세종대로 119 (태평로1가),126.976702419575,37.5668837502225,953786.8097204665,1952075.2935078756,POINT (953786.8097204665 1952075.2935078756)
양화진외국인선교사묘원,마포구,"서울 마포구 양화진길 46 (합정동, 양화진홍보관)",126.911769148865,37.5465227992805,948038.2694490947,1949850.2570187943,POINT (948038.2694490947 1949850.2570187943)
김중업 건축문화의집,성북구,서울 성북구 장위로21나길 11 (장위동),127.044069841418,37.6150226092067,959762.0881192593,1957385.0749491712,POINT (959762.0881192593 1957385.0749491712)
넷마블게임박물관,구로구,서울 구로구 디지털로26길 38 3층,126.895318461208,37.4798477003537,946537.5332351016,1942462.2406968782,POINT (946537.5332351016 1942462.2406968782)
돈의문박물관마을 물품보관소,종로구,서울 종로구 새문안로 39 (신문로2가),126.969428123119,37.5687876064761,953145.5936125601,1952290.1193064717,POINT (953145.5936125601 1952290.1193064717)
엘부림양복점,동대문구,"서울 동대문구 전농로 24 (답십리동, 계림빌딩)",127.056886893804,37.5670162325977,960868.129516386,1952053.5804031366,POINT (960868.129516386 1952053.5804031366)
헌인릉,서초구,서울 서초구 헌인릉길 36-10 (헌인릉),127.083715641415,37.4653777954328,963187.5274264943,1940766.6013073742,POINT (963187.5274264943 1940766.6013073742)
호림박물관 (신사분관),강남구,"서울 강남구 도산대로 317 (신사동, 호림아트센터 1빌딩)",127.036344550051,37.522697614888,959029.7521815527,1947145.4290295267,POINT (959029.7521815527 1947145.4290295267)
호미화방,마포구,"서울 마포구 홍익로3길 20 서교프라자 1층,2층",126.921715374089,37.5535160625816,948921.655814987,1950620.674215791,POINT (948921.655814987 1950620.674215791)
홍대R1 레드컬처마켓,마포구,서울 마포구 서교동 348-24,126.926273606023,37.5564346247377,949326.2521848973,1950942.0073330915,POINT (949326.2521848973 1950942.0073330915)
국립고궁박물관,종로구,"서울 종로구 효자로 12 (세종로, 국립고궁박물관)",126.974974825074,37.5765916191985,953640.2602339317,1953153.1859584237,POINT (953640.2602339317 1953153.1859584237)
홍익문고,서대문구,서울 서대문구 연세로 2,126.937043755972,37.5557853830354,950277.090361314,1950864.2252909122,POINT (950277.090361314 1950864.2252909122)
마포관광정보센터,마포구,서울 마포구 홍익로 22 (서교동),126.922683855524,37.5544223835688,949007.8175139866,1950720.7002888585,POINT (949007.8175139866 1950720.7002888585)
창경궁 대온실 ,종로구,"서울 종로구 창경궁로 185 (와룡동, 창경궁)",126.993841430623,37.5776239475981,955306.8105710731,1953258.5755531169,POINT (955306.8105710731 1953258.5755531169)
터방내,동작구,서울 동작구 흑석로 101-7,126.960755041795,37.5080576288247,952341.0366750594,1945556.8134799786,POINT (952341.0366750594 1945556.8134799786)
황학정,종로구,서울 종로구 사직로9길 15-32 (사직동),126.963945833593,37.5779183632114,952667.232507498,1953305.88137944,POINT (952667.232507498 1953305.88137944)
효성한의원,동대문구,"서울 동대문구 약령중앙로 5 (제기동, 대산빌딩)",127.036595292842,37.5788339670935,959082.6093453881,1953373.3416552385,POINT (959082.6093453881 1953373.3416552385)
효자베이커리,종로구,서울 종로구 필운대로 54,126.968667351322,37.5809412841108,953086.0352544858,1953638.892170263,POINT (953086.0352544858 1953638.892170263)
경교장,종로구,서울 종로구 새문안로 29 (경교장),126.967812703696,37.5688677261045,953002.9864093825,1952299.8148989996,POINT (953002.9864093825 1952299.8148989996)
낙원떡집,종로구,서울 종로구 삼일대로 438 (낙원동),126.987907857685,37.5737878650638,954780.5599902496,1952835.8197804822,POINT (954780.5599902496 1952835.8197804822)
훼드라,서대문구,서울 서대문구 연세로5길 32,126.935363643304,37.5563637264718,950129.0792017442,1950929.2797520137,POINT (950129.0792017442 1950929.2797520137)
봉원사,서대문구,서울 서대문구 봉원사길 120 (봉원사),126.946944792341,37.57235344097,951162.420282177,1952697.1800978167,POINT (951162.420282177 1952697.1800978167)
유림면,중구,서울 중구 서소문로 139-1 (서소문동),126.976098371999,37.5642444317671,953731.8325676594,1951782.7713393266,POINT (953731.8325676594 1951782.7713393266)
사하라,마포구,서울 마포구 만리재로 15 제일빌딩 지하1층 2호,126.95276773044,37.5445849310546,951658.6824354326,1949613.3905625686,POINT (951658.6824354326 1949613.3905625686)
광화문 관광안내소,종로구,서울 종로구 세종대로 145-2 (광화문빌딩) 동화면세점 앞,126.976684216779,37.5693586916816,953786.7313275103,1952349.8851473792,POINT (953786.7313275103 1952349.8851473792)
북촌마을관광안내소,종로구,"서울 종로구 북촌로5길 48 (화동, 정독도서관) 주요위치 : 재동초등학교 사거리 (정독도서관 부지내, 서울교육박물관 앞)",126.983870059299,37.5812654545612,954428.5640109025,1953667.373894743,POINT (954428.5640109025 1953667.373894743)
구 공업전습소 본관(구 중앙시험소 청사),종로구,서울 종로구 대학로 86 한국방송통신대학교 역사관,127.003290880975,37.5791954862382,956142.1128858855,1953428.4769468373,POINT (956142.1128858855 1953428.4769468373)
국립국악박물관,서초구,서울 서초구 남부순환로 2364,127.009818464555,37.4777188083482,956659.8083247567,1942167.1971830088,POINT (956659.8083247567 1942167.1971830088)
국립기상박물관,종로구,"서울 종로구 송월길 52 (송월동, 국립기상박물관)",126.966204176024,37.5702217430549,952861.7909745721,1952450.842281498,POINT (952861.7909745721 1952450.842281498)
국립서울현충원,동작구,"서울 동작구 현충로 210 (동작동, 국립현충원)",126.978408414947,37.4998236507216,953896.2062794311,1944634.508922972,POINT (953896.2062794311 1944634.508922972)
삼성역 물품보관소,강남구,"서울 강남구 테헤란로 지하 538 (삼성동, 삼성역)",127.063073009788,37.5088619974404,961384.4579159765,1945599.1475397868,POINT (961384.4579159765 1945599.1475397868)
개미슈퍼,용산구,서울 용산구 청파로85길 31 (서계동),126.967287598355,37.5525586386658,952946.3587228389,1950490.6654694048,POINT (952946.3587228389 1950490.6654694048)
국립중앙박물관 어린이박물관,용산구,"서울 용산구 서빙고로 137 (용산동6가, 국립중앙박물관)",126.977740246542,37.5247022357875,953852.4665853377,1947394.9680766826,POINT (953852.4665853377 1947394.9680766826)
명신당필방,종로구,서울 종로구 인사동길 34,126.985717340243,37.5735931856781,954587.0104486672,1952815.277533275,POINT (954587.0104486672 1952815.277533275)
은평한옥마을,은평구,"서울 은평구 연서로50길 8 (진관동, 은평역사한옥박물관) 은평한옥마을",126.938008171987,37.6403336262874,950418.4100249511,1960243.9936955906,POINT (950418.4100249511 1960243.9936955906)
가미분식,서대문구,서울 서대문구 이화여대8길 2 무궁화상가아파트,126.945920737962,37.5586536023804,951063.0288641748,1951177.7812477413,POINT (951063.0288641748 1951177.7812477413)
미림분식,관악구,서울 관악구 호암로 553,126.931346513518,37.4670743790165,949714.3976938139,1941025.2755333553,POINT (949714.3976938139 1941025.2755333553)
근현대사기념관,강북구,서울 강북구 4.19로 114 (수유동) 근현대사기념관,127.002830628534,37.6434410661945,956139.2215288131,1960556.4701599835,POINT (956139.2215288131 1960556.4701599835)
길상사,성북구,서울특별시 성북구 선잠로5길 68 (성북동),126.994652153245,37.5991094172211,955391.2217207021,1955641.904680256,POINT (955391.2217207021 1955641.904680256)
김종영 미술관,종로구,서울특별시 종로구 평창32길 30 (평창동),126.977511093535,37.6130366993851,953886.7100407402,1957195.3594696608,POINT (953886.7100407402 1957195.3594696608)
경국사 ,성북구,"서울 성북구 보국문로 113-10 (정릉동, 경국사)",127.004551833207,37.6149594820999,956274.3855462874,1957395.7449187404,POINT (956274.3855462874 1957395.7449187404)
나폴레옹과자점,성북구,서울 성북구 성북로 7,127.005061678527,37.5889000220847,956304.1426916637,1954504.3243408322,POINT (956304.1426916637 1954504.3243408322)
코엑스 물품보관소,강남구,"서울 강남구 영동대로 513 (삼성동, 코엑스)",127.059159043842,37.5118239121138,961040.0799608442,1945929.3666984665,POINT (961040.0799608442 1945929.3666984665)
이화명주,서초구,서울 서초구 사평대로26길 30,126.998942627914,37.4988742467015,955710.6893008966,1944519.3175567577,POINT (955710.6893008966 1944519.3175567577)
경복궁역 물품보관소,종로구,"서울 종로구 사직로 지하 130 (적선동, 3호선 경복궁역)",126.973062710191,37.5758613027702,953470.964767729,1953073.1060255405,POINT (953470.964767729 1953073.1060255405)
익선동 한옥거리,종로구,서울 종로구 돈화문로11가길 17 (익선동),126.990919055365,37.5733907062616,955046.2218438343,1952790.3119832603,POINT (955046.2218438343 1952790.3119832603)
동대문역사관 상설전시실 재개관,중구,"서울 중구 을지로 281 (을지로7가, 2-1) 동대문역사공원 내 동대문역사관",127.010890355484,37.5680445876689,956806.6873617262,1952187.8190737118,POINT (956806.6873617262 1952187.8190737118)
만나당,강남구,서울 강남구 논현로175길 61 (신사동) 1층 101호 만나당,127.024073114133,37.5241526290529,957946.2146839926,1947312.2696873497,POINT (957946.2146839926 1947312.2696873497)
자하문터널,종로구,서울 종로구 청운동,126.969329763593,37.5891974378627,953149.698050269,1954554.5444716644,POINT (953149.698050269 1954554.5444716644)
장희빈 우물터,서대문구,서울 서대문구 연희로15길 74 (연희동),126.929172406604,37.5704854534118,949591.7562291558,1952499.321399496,POINT (949591.7562291558 1952499.321399496)
가봉루,종로구,"서울 종로구 새문안로5길 5-27 (당주동, 당주빌딩)",126.974571894891,37.5710268990296,953601.2287554243,1952536.005641669,POINT (953601.2287554243 1952536.005641669)
가원공방,종로구,서울 종로구 돈화문로6나길 45 (봉익동),126.992294774883,37.5723524974576,955167.0815338874,1952674.4704470723,POINT (955167.0815338874 1952674.4704470723)
갤러리 팩토리,종로구,서울 종로구 자하문로10길 15,126.972412473034,37.5795217119018,953415.8283569672,1953479.5335175432,POINT (953415.8283569672 1953479.5335175432)
서울광장,중구,서울특별시 중구 세종대로 110,126.977918351844,37.566370776634,953893.875104184,1952017.784337359,POINT (953893.875104184 1952017.784337359)
경희대학교 중앙박물관,동대문구,서울특별시 동대문구 경희대로 26 경희대학교 서울캠퍼스 중앙도서관 4층,127.054890960564,37.5939491407769,960706.0226861272,1955042.4855601962,POINT (960706.0226861272 1955042.4855601962)
경희대학교 한의학역사박물관,동대문구,"서울 동대문구 경희대로 26-6 (회기동, 경희대학교)",127.053223139329,37.5937443884234,960558.6795244352,1955020.4683707939,POINT (960558.6795244352 1955020.4683707939)
금호미술관,종로구,"서울 종로구 삼청로 18 (사간동, 금호미술관)",126.979912833772,37.5774667074193,954076.8271190183,1953247.8476993246,POINT (954076.8271190183 1953247.8476993246)
도산공원,강남구,서울 강남구 도산대로45길 20 (도산전시관),127.035603166151,37.5239508648976,958964.9269129642,1947284.7927990044,POINT (958964.9269129642 1947284.7927990044)
모퉁이집,강남구,서울 강남구 테헤란로1길 20 (역삼동),127.027810535308,37.4996634128853,958262.8274046193,1944593.6774204823,POINT (958262.8274046193 1944593.6774204823)
그라운드서울,종로구,서울 종로구 인사동9길 26,126.983623718252,37.5734697478172,954402.059616926,1952802.5966698595,POINT (954402.059616926 1952802.5966698595)
광화문광장,종로구,서울특별시 종로구 세종대로 172,126.976787992565,37.5716228232824,953797.2943696594,1952601.0285761654,POINT (953797.2943696594 1952601.0285761654)
광화문역 물품보관소,종로구,"서울 종로구 세종대로 지하 172 (세종로, 5호선 광화문역)",126.976787992565,37.5716228232824,953797.2943696594,1952601.0285761654,POINT (953797.2943696594 1952601.0285761654)
국립민속박물관,종로구,"서울 종로구 삼청로 37 (세종로, 국립민속박물관)",126.978889955558,37.5816745310255,953989.0968682243,1953715.1865496251,POINT (953989.0968682243 1953715.1865496251)
남대문시장 관광안내소,중구,서울 중구 남대문로4가 20-9 앞 도보,126.976354307013,37.5602418960707,953751.9613509804,1951338.5839790618,POINT (953751.9613509804 1951338.5839790618)
휘가로,관악구,서울 관악구 신림로11길 20 (신림동),126.938724725639,37.4695927960836,950368.5180502271,1941300.7637168616,POINT (950368.5180502271 1941300.7637168616)
경기떡집,마포구,서울 마포구 동교로9길 24 (망원동),126.910304381602,37.5550438760879,947914.8073876528,1950796.4395265754,POINT (947914.8073876528 1950796.4395265754)
국립현대미술관 서울관,종로구,서울 종로구 삼청로 30 (소격동),126.980032718285,37.5787436166877,954088.196940715,1953389.456182052,POINT (954088.196940715 1953389.456182052)
남산서울타워 ,용산구,"서울 용산구 남산공원길 105 (용산동2가, YTN서울타워)",126.987867837993,37.5511225714939,954763.323480274,1950321.2387798957,POINT (954763.323480274 1950321.2387798957)
경복궁 집옥재,종로구,"서울 종로구 사직로 161 (세종로, 경복궁)",126.976842133821,37.5759040910202,953804.7201066718,1953075.9881847932,POINT (953804.7201066718 1953075.9881847932)
남산케이블카,중구,"서울 중구 소파로 83 (회현동1가, 남산케이블카)",126.98407834438,37.5569249079033,954432.1280117453,1950966.8082782116,POINT (954432.1280117453 1950966.8082782116)
녹사평 육교,용산구,"서울 용산구 녹사평대로 지하 195 (용산동4가, 6호선 녹사평역)",126.987028473368,37.5348314193581,954679.3210301317,1948514.227543109,POINT (954679.3210301317 1948514.227543109)
대한성공회서울주교좌성당(서울성공회성당),중구,서울특별시 중구 세종대로21길 15 (정동),126.975333738027,37.5675100246955,953666.3264679371,1952145.4495625799,POINT (953666.3264679371 1952145.4495625799)
서울스튜디오,강북구,서울 강북구 삼양로 246,127.018665043803,37.625433607765,957525.9092589165,1958551.325950994,POINT (957525.9092589165 1958551.325950994)
국회의사당,영등포구,서울특별시 영등포구 의사당대로 1 (여의도동),126.916403869603,37.5329119742768,948438.3119461742,1948337.6540770798,POINT (948438.3119461742 1948337.6540770798)
동대문역사문화공원역 물품보관소,중구,"서울 중구 을지로 지하 279 (을지로7가, 동대문역사문화공원역 2호선)",127.009131498424,37.5655895229776,956649.9388130644,1951916.2519396525,POINT (956649.9388130644 1951916.2519396525)
동부고려제과,중랑구,서울 중랑구 망우로 388,127.095128523555,37.5985084427747,964260.3690396454,1955532.2438263188,POINT (964260.3690396454 1955532.2438263188)
젬브로스,강남구,서울 강남구 강남대로146길 41 퀸스빌,127.023430968093,37.5156963939798,957884.72044928,1946374.3882725916,POINT (957884.72044928 1946374.3882725916)
종각역 물품보관소,종로구,"서울 종로구 종로 지하 55 (종로1가, 종각지하철역사)",126.983239678933,37.5702140381269,954366.1607841075,1952441.5778678053,POINT (954366.1607841075 1952441.5778678053)
광화문광장 야경,종로구,서울 종로구 세종대로 지하 172,126.976787992565,37.5716228232824,953797.2943696594,1952601.0285761654,POINT (953797.2943696594 1952601.0285761654)
서울역사박물관,종로구,"서울 종로구 새문안로 55 (신문로2가, 서울역사박물관)",126.97107522045,37.5704968494713,953292.1160280368,1952478.931575585,POINT (953292.1160280368 1952478.931575585)
서초 여행자 지원센터,서초구,서울특별시 서초구 서초동 1318-7,127.027051625604,37.4981827853125,958194.9209817313,1944429.7480706598,POINT (958194.9209817313 1944429.7480706598)
평택쌀상회,금천구,서울 금천구 독산로40길 27-5,126.906001194503,37.4606221831968,947468.5952937376,1940323.2796550668,POINT (947468.5952937376 1940323.2796550668)
국립어린이민속박물관,종로구,"서울 종로구 삼청로 37 (세종로, 국립민속박물관)",126.978889955558,37.5816745310255,953989.0968682243,1953715.1865496251,POINT (953989.0968682243 1953715.1865496251)
다락,마포구,"서울 마포구 도화2길 8 (도화동, 에어몰 빌딩)",126.948762009763,37.5400702441827,951301.8863926311,1949114.5767740654,POINT (951301.8863926311 1949114.5767740654)
대각사,종로구,서울 종로구 율곡로10길 87 (대각사),126.992025898705,37.5736834293495,955144.1365498018,1952822.259207492,POINT (955144.1365498018 1952822.259207492)
돈의문 터(옛 서대문),종로구,서울 종로구 신문로2가 170,126.968709533621,37.5688758959702,953082.1904210105,1952300.2731452347,POINT (953082.1904210105 1952300.2731452347)
삼양탕,강북구,"서울 강북구 덕릉로8길 6 (수유동, 삼양여관)",127.015232666457,37.6337002896371,957227.7645549468,1959470.0410691458,POINT (957227.7645549468 1959470.0410691458)
혜화문,종로구,"서울 종로구 창경궁로 307 (혜화동, 혜화문)",127.003505031117,37.5879621452783,956166.1624528231,1954400.9965552639,POINT (956166.1624528231 1954400.9965552639)
굴다리식당 ,마포구,서울 마포구 새창로 8-1 (도화동),126.950811737715,37.5421160247986,951484.2929657383,1949340.4857869656,POINT (951484.2929657383 1949340.4857869656)
돌 레코드,중구,서울 중구 마장로9길 49-29,127.017948235192,37.5699026596932,957431.0306311906,1952390.7420627016,POINT (957431.0306311906 1952390.7420627016)
동대문디자인플라자 (DDP),중구,"서울 중구 을지로 281 (을지로7가, 디자인장터)",127.010890355484,37.5680445876689,956806.6873617262,1952187.8190737118,POINT (956806.6873617262 1952187.8190737118)
맨투맨양복점,영등포구,서울 영등포구 영등포로 181-2 (영등포동6가),126.901625867539,37.5206620127139,947123.992620315,1946986.7904384516,POINT (947123.992620315 1946986.7904384516)
피규어뮤지엄W,강남구,"서울 강남구 선릉로158길 3 (청담동, Ys Roo)",127.040386554258,37.5257998045331,959388.6017437275,1947487.84566204,POINT (959388.6017437275 1947487.84566204)
광성유통,동대문구,서울 동대문구 고산자로36길 30 (제기동) 1층 광성유통,127.04011295408,37.5791181689844,959393.365462286,1953403.3462036375,POINT (959393.365462286 1953403.3462036375)
그래픽,용산구,서울 용산구 회나무로39길 33 (이태원동),126.993580131333,37.5408948786009,955261.7822393655,1949183.797647749,POINT (955261.7822393655 1949183.797647749)
목인박물관,종로구,서울 종로구 창의문로5길 46-1,126.963289212881,37.5890219122924,952616.2918325253,1954538.100903228,POINT (952616.2918325253 1954538.100903228)
경복궁 돌담길 ,종로구,"서울 종로구 사직로 161 (세종로, 경복궁)",126.976842133821,37.5759040910202,953804.7201066718,1953075.9881847932,POINT (953804.7201066718 1953075.9881847932)
김포공항관광정보센터,강서구,"서울 강서구 하늘길 38 (방화동, 김포공항(국제청사))",126.802960133589,37.5713695798026,938446.8892273202,1952672.6061054654,POINT (938446.8892273202 1952672.6061054654)
놓다 물품보관소,종로구,"서울 종로구 돈화문로11길 29 (돈의동, 낙원오피스텔)",126.989861453401,37.5723316807738,954952.1930333239,1952673.3247649742,POINT (954952.1930333239 1952673.3247649742)
반포대교 야경,서초구,서울 서초구 올림픽대로 2085-14,126.995962256954,37.5124362037118,955455.306471967,1946025.340204646,POINT (955455.306471967 1946025.340204646)
방이동 백제고분군,송파구,서울특별시 송파구 오금로 219 (방이동),127.118164220291,37.5075749063374,966252.8516211335,1945435.1703460587,POINT (966252.8516211335 1945435.1703460587)
백범광장공원,중구,서울 중구 퇴계로8길 49-4,126.979964687665,37.5571619646336,954068.9394546603,1950995.1107533937,POINT (954068.9394546603 1950995.1107533937)
손기정문화도서관,중구,서울 중구 손기정로 101 (손기정공원),126.964815746241,37.5554795035057,952729.8672857014,1950815.9607436003,POINT (952729.8672857014 1950815.9607436003)
경복궁 물품보관소,종로구,"서울 종로구 사직로 161 (세종로, 경복궁)",126.976842133821,37.5759040910202,953804.7201066718,1953075.9881847932,POINT (953804.7201066718 1953075.9881847932)
국립고궁박물관 물품보관소,종로구,"서울 종로구 효자로 12 (세종로, 국립고궁박물관)",126.974974825074,37.5765916191985,953640.2602339317,1953153.1859584237,POINT (953640.2602339317 1953153.1859584237)
글벗서점,마포구,서울 마포구 월드컵북로 210 (성산동),126.905804329554,37.5692205219891,947527.2782066418,1952371.7756725955,POINT (947527.2782066418 1952371.7756725955)
금선사,종로구,"서울 종로구 비봉길 137 (구기동, 금선사)",126.953420987682,37.6207199441963,951765.5375724311,1958059.8923329285,POINT (951765.5375724311 1958059.8923329285)
덕수궁,중구,서울 중구 세종대로 99,126.973725785222,37.5660868250943,953523.4416448387,1951988.3465593231,POINT (953523.4416448387 1951988.3465593231)
창덕궁,종로구,"서울 종로구 율곡로 99 (와룡동, 창덕궁)",126.989710338876,37.5788697347103,954942.7883991661,1953398.7629596156,POINT (954942.7883991661 1953398.7629596156)
남도한식정든님고운님,중구,서울 중구 세종대로14길 22-5 (북창동),126.978071823726,37.5625556267229,953905.0778940691,1951594.4370547507,POINT (953905.0778940691 1951594.4370547507)
남산골 한옥마을,중구,서울 중구 퇴계로34길 28 (남산골한옥마을),126.994738735334,37.5595422700067,955375.2556578716,1951252.076418453,POINT (955375.2556578716 1951252.076418453)
동대문 관광안내소,중구,서울 중구 장충단로 247 (굿모닝시티쇼핑몰),127.007358177138,37.5668021171335,956494.0357727307,1952051.602634335,POINT (956494.0357727307 1952051.602634335)
동대입구역,중구,"서울 중구 동호로 지하 256 (장충동2가, 동대입구역 3호선)",127.005460196954,37.559030224347,956321.8838811751,1951190.2311635097,POINT (956321.8838811751 1951190.2311635097)
봉은사 ,강남구,서울 강남구 봉은사로 531 (봉은사),127.057734484281,37.5158257049833,960916.268858916,1946373.9314814766,POINT (960916.268858916 1946373.9314814766)
부민옥,중구,서울 중구 다동길 24-12 (다동),126.980177653984,37.5675310295731,954094.1122887068,1952145.402619511,POINT (954094.1122887068 1952145.402619511)
백양세탁,종로구,서울 종로구 계동길 54 (계동),126.986880757145,37.5797484638907,954693.4746569255,1953497.6146577694,POINT (954693.4746569255 1953497.6146577694)
북촌한옥마을,종로구,서울 종로구 계동길 37 북촌문화센터 일대 (계동),126.986276109794,37.5790883269606,954639.6856786682,1953424.667346061,POINT (954639.6856786682 1953424.667346061)
비원떡집,종로구,서울 종로구 북촌로 33-1 (가회동),126.984878290353,37.5797781373572,954516.6810898631,1953501.8743956285,POINT (954516.6810898631 1953501.8743956285)
거안,종로구,"서울 종로구 인사동길 44 (관훈동, 쌈지길)",126.984876575201,37.5742647725946,954513.1758807919,1952890.193575726,POINT (954513.1758807919 1952890.193575726)
김근태기념도서관,도봉구,서울 도봉구 도봉산길 14 (도봉동),127.044019937677,37.6876674374375,959796.866025817,1965444.778090298,POINT (959796.866025817 1965444.778090298)
김용안과자점,용산구,서울 용산구 한강대로 155-1 (한강로2가),126.971256672775,37.5330751959489,953284.7877573777,1948327.1018773338,POINT (953284.7877573777 1948327.1018773338)
낙산 물품보관소,종로구,서울 종로구 동숭길 51 (동숭동) 1층 7호,127.004190744723,37.5805564090189,956222.3654565244,1953579.045114942,POINT (956222.3654565244 1953579.045114942)
동림매듭공방,종로구,서울 종로구 북촌로12길 10,126.985612978132,37.5817835710003,954582.7699832399,1953724.012429307,POINT (954582.7699832399 1953724.012429307)
삼청동 골목길,종로구,서울특별시 종로구 가회동 일대,126.984784487479,37.5800968068427,954508.5924828785,1953537.2746985622,POINT (954508.5924828785 1953537.2746985622)
서울스카이,송파구,"서울 송파구 올림픽로 300 (신천동, 롯데월드타워앤드롯데월드몰) 117~123층",127.103433202893,37.513101157342,964953.4835407296,1946053.6570139343,POINT (964953.4835407296 1946053.6570139343)
경인미술관,종로구,서울 종로구 인사동10길 11-4,126.985723489033,37.5745908579478,954588.1592557227,1952925.96150566,POINT (954588.1592557227 1952925.96150566)
그날이오면,관악구,서울 관악구 신림로 91 (신림동) 9호,126.939065988966,37.4703086452623,950399.1679650695,1941380.0027238333,POINT (950399.1679650695 1941380.0027238333)
미도파꽃집,영등포구,"서울 영등포구 경인로 지하 843 (영등포동3가, 영등포역지하도상가)",126.906658750671,37.5164625580995,947565.7946894534,1946518.0668208576,POINT (947565.7946894534 1946518.0668208576)
사직단,종로구,서울 종로구 사직로 89,126.967833124699,37.5756034804899,953009.022240732,1953047.1045862646,POINT (953009.022240732 1953047.1045862646)
서울관광플라자 관광정보센터,종로구,종로구 청계천로 85 (삼일빌딩 1층),126.987150409394,37.5686313893591,954710.5519134823,1952264.0986996512,POINT (954710.5519134823 1952264.0986996512)
성곡미술관,종로구,"서울 종로구 경희궁길 42 (신문로2가, 성곡미술관)",126.96970364743,37.5735105141974,953172.8823041136,1952813.96596351,POINT (953172.8823041136 1952813.96596351)
순라길,종로구,서울시 종로구 서순라길 161 (권농동) 일대,126.991788676673,37.5773777611238,955125.4059057165,1953232.2408417459,POINT (955125.4059057165 1953232.2408417459)
한영양복점,중구,서울 중구 퇴계로20길 2,126.985434663205,37.5597163723303,954553.6187976329,1951275.850348783,POINT (954553.6187976329 1951275.850348783)
대한민국역사박물관,종로구,서울시 종로구 세종대로 198 (세종로),126.978339442463,37.5737136067193,953935.5853581916,1952832.2292254989,POINT (953935.5853581916 1952832.2292254989)
명동재미로,중구,"서울 중구 퇴계로20길 24 (남산동2가, 남산동공영주차장)",126.985597508957,37.5592322866074,954567.7074873293,1951222.0647667926,POINT (954567.7074873293 1951222.0647667926)
서부감자국 ,은평구,서울 은평구 서오릉로 8 (녹번동),126.926933124828,37.602260750611,949415.5174155456,1956025.8577518153,POINT (949415.5174155456 1956025.8577518153)
남포면옥(중구),중구,서울특별시 중구 을지로3길 24 (다동),126.981675952718,37.5671463662203,954226.1936798462,1952101.9952300745,POINT (954226.1936798462 1952101.9952300745)
납청놋전,종로구,서울 종로구 인사동10길 5 (관훈동),126.985309826057,37.5741249929142,954551.3484464423,1952874.4760319467,POINT (954551.3484464423 1952874.4760319467)
내자땅콩,종로구,서울 종로구 사직로 111 (내자동),126.971075140727,37.5762640275272,953295.7108483705,1953118.7726168367,POINT (953295.7108483705 1953118.7726168367)
동대문디자인플라자 물품보관소,중구,서울 중구 을지로 281,127.010890355484,37.5680445876689,956806.6873617262,1952187.8190737118,POINT (956806.6873617262 1952187.8190737118)
동대문역 물품보관소,종로구,"서울 종로구 율곡로 지하 308 (종로6가, 4호선 동대문역)",127.009546610861,37.5704117093421,956689.3911199954,1952451.0578840321,POINT (956689.3911199954 1952451.0578840321)
서울 한양도성,종로구,"서울 종로구 율곡로 283 (종로6가, 서울디자인지원센터)",127.008512843764,37.5728571793919,956599.5205085216,1952722.8476649234,POINT (956599.5205085216 1952722.8476649234)
소극장 산울림,마포구,서울 마포구 와우산로 157,126.930109457636,37.5550832990905,949664.1434680239,1950790.0232934288,POINT (949664.1434680239 1950790.0232934288)
역전회관,마포구,서울 마포구 토정로37길 47 (염리동),126.947016676997,37.542937806474,951149.5679378874,1949433.623150978,POINT (951149.5679378874 1949433.623150978)
덕수궁돌담길,중구,서울 중구 세종대로19길 24 덕수궁 돌담길,126.974461639777,37.5677154464989,953589.4377108326,1952168.6704672729,POINT (953589.4377108326 1952168.6704672729)
라플루마앤보헤미안,성북구,서울 성북구 고려대로27길 18,127.029898451923,37.5870992240896,958495.8817798499,1954293.2697809413,POINT (958495.8817798499 1954293.2697809413)
불광대장간,은평구,서울 은평구 통일로69길 15 (대조동),126.927031323434,37.6111713283271,949430.2185506405,1957014.3985457418,POINT (949430.2185506405 1957014.3985457418)
서울대학교 미술관 MoA,관악구,"서울 관악구 관악로 1 (신림동, 서울대학교) 서울대학교 미술관 (서울대학교 내)",126.94815644252,37.4662872666604,951200.387752666,1940929.1084634769,POINT (951200.387752666 1940929.1084634769)
디지털미디어시티,마포구,"서울 마포구 월드컵북로 366 (상암동, DMC 홍보관)",126.89211485663,37.5776946420349,946324.4479475874,1953319.6749061092,POINT (946324.4479475874 1953319.6749061092)
롯데월드 물품보관소,송파구,"서울 송파구 올림픽로 240 (잠실동, 롯데월드)",127.098141751177,37.5113096112036,964485.0015998483,1945856.880595052,POINT (964485.0015998483 1945856.880595052)
명동 화교거리,중구,서울 중구 남대문로 52-5,126.981717024453,37.5621198047309,954226.7452686802,1951544.3031788291,POINT (954226.7452686802 1951544.3031788291)
서울백제어린이박물관,송파구,서울 송파구 올림픽로 424 서울백제어린이박물관,127.115517876627,37.5203396980951,966024.7504723956,1946852.2940869436,POINT (966024.7504723956 1946852.2940869436)
금박연,종로구,서울 종로구 북촌로12길 24-12,126.986186699979,37.5826275100841,954633.9385881628,1953817.3663208173,POINT (954633.9385881628 1953817.3663208173)
금복상회,금천구,서울 금천구 시흥대로146길 33,126.900607175047,37.4741050897747,947001.0799820138,1941822.1438598847,POINT (947001.0799820138 1941822.1438598847)
서울시립 북서울미술관,노원구,"서울 노원구 동일로 1238 (중계동, 서울시립 북서울미술관)",127.066865579183,37.6406604547872,961787.054162791,1960219.9607595834,POINT (961787.054162791 1960219.9607595834)
서울시립 사진미술관,도봉구,서울 도봉구 마들로13길 68 (창동) 서울시립 사진미술관,127.048947814686,37.6555150225578,960214.1900444218,1961875.4694506784,POINT (960214.1900444218 1961875.4694506784)
아라리오뮤지엄 인 스페이스,종로구,서울 종로구 율곡로 83 (원서동),126.988357552948,37.5777621971432,954822.6710217838,1953276.5365735977,POINT (954822.6710217838 1953276.5365735977)
남산서울타워 물품보관소,용산구,"서울 용산구 남산공원길 105 (용산동2가, YTN서울타워)",126.987867837993,37.5511225714939,954763.323480274,1950321.2387798957,POINT (954763.323480274 1950321.2387798957)
북촌동양문화박물관,종로구,서울 종로구 북촌로11길 76,126.983370412821,37.5839903499019,954386.1102719549,1953969.9308998338,POINT (954386.1102719549 1953969.9308998338)
대구참기름집,종로구,서울 종로구 계동길 67 (계동),126.986666915893,37.5803121918007,954674.934882992,1953560.2607705637,POINT (954674.934882992 1953560.2607705637)
대림시장 감자국거리,은평구,서울 은평구 응암로4길 26 (응암동) 대림시장 감자국거리,126.917545647532,37.5871616982388,948576.4900844214,1954355.778409357,POINT (948576.4900844214 1954355.778409357)
대성표구사,용산구,서울 용산구 이태원로 216 (한남동),126.998136551597,37.5346871460213,955660.6332314654,1948492.9259278213,POINT (955660.6332314654 1948492.9259278213)
대오서점,종로구,서울특별시 종로구 자하문로7길 55 (누하동),126.969324927835,37.5797361073093,953143.3410411107,1953504.85517966,POINT (953143.3410411107 1953504.85517966)
서울약령시 한의약박물관,동대문구,"서울 동대문구 약령중앙로 26 (제기동, 서울한방진흥센터) B2",127.037586644096,37.5806004145096,959171.1081172321,1953568.8889970265,POINT (959171.1081172321 1953568.8889970265)
서울중앙성원,용산구,서울 용산구 우사단로10길 39,126.99729799402,37.5332797663619,955585.7119858069,1948337.1807451192,POINT (955585.7119858069 1948337.1807451192)
아원공방,종로구,서울 종로구 북촌로5가길 3,126.982194537365,37.5797469490698,954279.6950092319,1953499.7169206084,POINT (954279.6950092319 1953499.7169206084)
서울하수도과학관,성동구,서울 성동구 자동차시장3길 64 (용답동) 서울하수도과학관,127.060364943935,37.5604666954517,961171.8828665656,1951325.5014081548,POINT (961171.8828665656 1951325.5014081548)
초전섬유퀼트박물관,중구,서울 중구 퇴계로18길 66 (제일빌딩),126.984229519746,37.5581281200112,954446.2129074004,1951100.2252368748,POINT (954446.2129074004 1951100.2252368748)
성우이용원,마포구,서울 마포구 효창원로97길 4-1,126.963337206543,37.5495594064023,952595.524650719,1950159.9007660695,POINT (952595.524650719 1950159.9007660695)
숭례문(남대문),중구,서울 중구 세종대로 40 (숭례문(남대문)),126.975359779271,37.5599277853801,953663.9301595364,1951304.2248175193,POINT (953663.9301595364 1951304.2248175193)
쉼박물관,종로구,서울 종로구 세검정로 209-17 (쉼박물관),126.955677955696,37.5995036888778,951951.0641541323,1955704.8760427393,POINT (951951.0641541323 1955704.8760427393)
예술의전당 서울서예박물관,서초구,"서울 서초구 남부순환로 2406 (서초동, 예술의전당)",127.014215239186,37.4802401962069,957050.001855734,1942444.91364375,POINT (957050.001855734 1942444.91364375)
아름다운 차박물관,종로구,서울 종로구 인사동길 19-11,126.985881712125,37.5723710958927,954600.7832967362,1952679.6131367728,POINT (954600.7832967362 1952679.6131367728)
유홍식 수제화 명장 1호,성동구,서울 성동구 아차산로 97 2층,127.055123744487,37.5452324827558,960700.9844001224,1949637.5273728773,POINT (960700.9844001224 1949637.5273728773)
안녕러기지 물품보관소,마포구,서울 마포구 어울마당로 149-2 (동교동),126.926574008314,37.556859001448,949353.072347943,1950988.9279617483,POINT (949353.072347943 1950988.9279617483)
힐스트링,서초구,서울 서초구 반포대로1길 8 성호빌딩 3층,127.012091123411,37.4812670423944,956862.7901881471,1942559.8064125315,POINT (956862.7901881471 1942559.8064125315)
공평도시유적전시관,종로구,서울 종로구 우정국로 26 (센트로폴리스 지하 1층),126.983530268891,37.5716808092144,954392.7166934606,1952604.167916147,POINT (954392.7166934606 1952604.167916147)
이길이구 갤러리,강남구,서울 강남구 강남대로158길 35 (신사동),127.021480246749,37.5197495682315,957714.6178054803,1946824.938590373,POINT (957714.6178054803 1946824.938590373)
국립현대미술관 서울관 갤러리아트존,종로구,서울 종로구 삼청로 30 (소격동) 국립현대미술관,126.980032718285,37.5787436166877,954088.196940715,1953389.456182052,POINT (954088.196940715 1953389.456182052)
충무로역 물품보관소,중구,서울 중구 퇴계로 198 (필동2가),126.993904601552,37.5609375137061,955302.4178787107,1951407.2679559253,POINT (955302.4178787107 1951407.2679559253)
통의동 골목,종로구,서울 종로구 통의동 35-15,126.972689079755,37.5778755699713,953439.2268850642,1953296.7646175514,POINT (953439.2268850642 1953296.7646175514)
등촌 최월선칼국수,강서구,서울 강서구 화곡로64길 68,126.856708298569,37.5560425503116,943181.6124207638,1950938.2861966472,POINT (943181.6124207638 1950938.2861966472)
옛날집낙원아구찜,종로구,서울 종로구 삼일대로 436 (낙원동),126.988000615593,37.5734999165726,954788.5767960337,1952803.8286464906,POINT (954788.5767960337 1952803.8286464906)
정동전망대,중구,"서울 중구 덕수궁길 15 (서소문동, 서울시청 서소문별관)",126.975613605737,37.5645541852439,953689.2120704096,1951817.375732526,POINT (953689.2120704096 1951817.375732526)
명가떡집,송파구,서울 송파구 석촌호수로12길 7 (잠실동),127.085614159971,37.5090211638931,963376.7284826462,1945607.7942528815,POINT (963376.7284826462 1945607.7942528815)
인천국제공항 제 1터미널 서울관광정보센터 (서편),중구,인천광역시 중구 공항로 272 (운서동) 인천국제공항 제1여객터미널 1층 입국장 10번 출구,126.427699293474,37.458350712273,905165.1873594174,1940445.4103605587,POINT (905165.1873594174 1940445.4103605587)
서울 관광기념품 전시관?여행자지원센터,종로구,서울 종로구 청계천로 85 (삼일빌딩) 앞,126.987150409394,37.5686313893591,954710.5519134823,1952264.0986996512,POINT (954710.5519134823 1952264.0986996512)
서울도서관 (옛 서울시청사),중구,서울특별시 중구 세종대로 110 (태평로1가),126.977918351844,37.566370776634,953893.875104184,1952017.784337359,POINT (953893.875104184 1952017.784337359)
초대길,강북구,서울 강북구 4.19로 114 (수유동) 근현대사기념관 (출발),127.002830628534,37.6434410661945,956139.2215288131,1960556.4701599835,POINT (956139.2215288131 1960556.4701599835)
종로 은행나무집,종로구,"서울 종로구 삼일대로 382 (관철동, 신영빌딩) 2~3층",126.988072810786,37.5686993311209,954792.0502689057,1952271.1923408855,POINT (954792.0502689057 1952271.1923408855)
코엑스,강남구,"서울 강남구 영동대로 513 (삼성동, 코엑스)",127.059159043842,37.5118239121138,961040.0799608442,1945929.3666984665,POINT (961040.0799608442 1945929.3666984665)
탈방 ,종로구,서울 종로구 인사동길 48 (관훈동),126.984458604383,37.5744075259766,954476.354544585,1952906.2338112055,POINT (954476.354544585 1952906.2338112055)
"태릉, 강릉",노원구,"서울 노원구 화랑로 681 (공릉동, 태강릉)",127.097473658713,37.6301539234948,964482.4392000367,1959042.2775949787,POINT (964482.4392000367 1959042.2775949787)
충무로역,중구,서울 중구 퇴계로 198 (필동2가),126.993904601552,37.5609375137061,955302.4178787107,1951407.2679559253,POINT (955302.4178787107 1951407.2679559253)
함스브로트과자점,도봉구,서울 도봉구 도봉로 483 (쌍문동),127.034535261333,37.6489391638953,958939.2790455054,1961152.1131364857,POINT (958939.2790455054 1961152.1131364857)
화계사,강북구,"서울 강북구 화계사길 117 (수유동, 화계사)",127.007087091421,37.6325223905148,956508.3690634508,1959343.1019487858,POINT (956508.3690634508 1959343.1019487858)
환구단(원구단),중구,서울시 중구 소공로 106 (소공동),126.980184460247,37.5644841324893,954092.8435260033,1951807.3610881222,POINT (954092.8435260033 1951807.3610881222)
안경박사 본점,성북구,"서울 성북구 보국문로 10 (정릉동, 부광빌딩)",127.011654702043,37.6055372596331,956895.8131570588,1956347.1044522054,POINT (956895.8131570588 1956347.1044522054)
애플하우스,동작구,"서울 동작구 동작대로27다길 29 (사당동, 서광시티뷰) 2층",126.980662610028,37.4862850569156,954087.1704374059,1943131.3853201459,POINT (954087.1704374059 1943131.3853201459)
풍납토성,송파구,서울특별시 송파구 한가람로20길 30 (풍납동),127.120860181354,37.5386947722498,966505.0406269127,1948886.760315288,POINT (966505.0406269127 1948886.760315288)
플랫폼엘 (PLATFORM-L),강남구,서울 강남구 언주로133길 11 (논현동),127.034381857383,37.5160551065386,958852.6732049033,1946409.3394767153,POINT (958852.6732049033 1946409.3394767153)
한강초교앞보도육교,용산구,서울 용산구 한강로3가,126.962182447512,37.5276608637792,952479.6262207646,1947730.957743024,POINT (952479.6262207646 1947730.957743024)
옥상정원 (The Roof),중구,"서울 중구 한강대로 405 (봉래동2가, 경부고속철도서울민자역사)",126.969526329341,37.5547278494914,953145.4618729833,1950730.2100646498,POINT (953145.4618729833 1950730.2100646498)
왕짱구식당,종로구,서울 종로구 계동길 83 (계동),126.986679456785,37.5810909221363,954676.5142780019,1953646.6512016503,POINT (954676.5142780019 1953646.6512016503)
호호재 서울,종로구,서울 종로구 삼청로 71-7 (팔판동),126.981153090219,37.5821003632233,954189.1804862226,1953761.3246128869,POINT (954189.1804862226 1953761.3246128869)
흑석동 효사길,동작구,"서울 동작구 흑석동 효사 4, 5길",126.958112214605,37.5100426256332,952108.727609504,1945778.3790083157,POINT (952108.727609504 1945778.3790083157)
국립현대미술관 덕수궁관,중구,서울특별시 중구 세종대로 99 (정동),126.973725785222,37.5660868250943,953523.4416448387,1951988.3465593231,POINT (953523.4416448387 1951988.3465593231)
일자산허브천문공원,강동구,서울 강동구 둔촌동 산86,127.154246253068,37.5374114232963,969454.0063681916,1948733.0120919142,POINT (969454.0063681916 1948733.0120919142)
청전이상범 가옥,종로구,서울 종로구 필운대로 31-7 (누하동),126.968402524797,37.5788545117205,953061.3421849132,1953407.5066942263,POINT (953061.3421849132 1953407.5066942263)
토탈미술관,종로구,서울 종로구 평창32길 8,126.975628088798,37.6121417336643,953719.965916109,1957096.9932838317,POINT (953719.965916109 1957096.9932838317)
통문관,종로구,서울 종로구 인사동길 55-1,126.983667440764,37.5749008038661,954406.7929987976,1952961.3442600938,POINT (954406.7929987976 1952961.3442600938)
소덕문 터(옛 서소문),중구,서울 중구 서소문로 100 (중앙일보 구관),126.97258645939,37.5622732794756,953420.4498439705,1951565.816559731,POINT (953420.4498439705 1951565.816559731)
홍지문 탕춘대성,종로구,서울특별시 종로구 세검정로 212 (홍지동),126.958433131882,37.5977929887218,952193.1790968183,1955513.6748557761,POINT (952193.1790968183 1955513.6748557761)
회현쇼핑센터 물품보관소,중구,"서울 중구 소공로 지하 58 (충무로1가, 회현지하쇼핑센터) 마 24호",126.981847764291,37.5606668775872,954237.4032234421,1951383.0445457816,POINT (954237.4032234421 1951383.0445457816)
신안촌,종로구,서울특별시 종로구 사직로12길 8 (내자동),126.970877962504,37.5756194075988,953277.8970320022,1953047.35310416,POINT (953277.8970320022 1953047.35310416)
신촌역사 관광안내소,서대문구,"서울 서대문구 신촌역로 30 (신촌동, 신촌민자역사) 신촌역사 내",126.942386979371,37.5598241279561,950751.6908022518,1951309.4911176402,POINT (950751.6908022518 1951309.4911176402)
안국역 물품보관소,종로구,"서울 종로구 율곡로 지하 62 (안국동, 3호선 안국역)",126.985823042976,37.5767203705556,954598.2431238886,1953162.1726451674,POINT (954598.2431238886 1953162.1726451674)
원조조박집 ,마포구,서울특별시 마포구 토정로 313-1 1층동,126.943866192022,37.5399716114492,950869.3060769908,1949106.1808133957,POINT (950869.3060769908 1949106.1808133957)
원효로성당,용산구,서울 용산구 원효로19길 49 (원효로4가),126.95459335968,37.534209370461,951813.27910022,1948461.3400912364,POINT (951813.27910022 1948461.3400912364)
이태원북스,용산구,서울 용산구 녹사평대로 208 (이태원동),126.987226909735,37.5362463724633,954697.7088402889,1948671.1131490236,POINT (954697.7088402889 1948671.1131490236)
절두산순교성지,마포구,"서울 마포구 토정로 6 (합정동, 한국천주교순교자박물관)",126.911793575318,37.5441354407025,948038.7701181425,1949585.3779848355,POINT (948038.7701181425 1949585.3779848355)
종로5가역 물품보관소,종로구,"서울 종로구 종로 지하 216 (종로5가, 1호선 종로5가역)",127.001916647342,37.5709075371016,956015.8969578348,1952509.6116949408,POINT (956015.8969578348 1952509.6116949408)
중랑망우공간,중랑구,"서울 중랑구 망우로91길 2 (망우동, 중랑 망우공간)",127.114382844197,37.5989775278216,965960.245735353,1955577.1328286421,POINT (965960.245735353 1955577.1328286421)
창덕궁 물품보관소,종로구,"서울 종로구 창덕궁길 94 (원서동, 원서노인정)",126.989439938903,37.581680541322,954920.6074265727,1953710.738443462,POINT (954920.6074265727 1953710.738443462)
최만린미술관,성북구,서울 성북구 솔샘로7길 23 (정릉동),127.004288022173,37.6106597929108,956248.5838593103,1956918.8352213693,POINT (956248.5838593103 1956918.8352213693)
하늘물빛 (전통 천연 염색 연구소) ,종로구,서울 종로구 종로63라길 8 6층 옥상,127.018065848943,37.5746051151834,957444.0928030937,1952912.402803021,POINT (957444.0928030937 1952912.402803021)
한국가구박물관,성북구,"서울 성북구 대사관로 121 (성북동, 한국가구박물관)",126.993449438953,37.6003780418349,955285.8125657038,1955783.225075248,POINT (955285.8125657038 1955783.225075248)
해방촌 골목,용산구,서울 용산구 신흥로 90 (용산동2가),126.985583625331,37.5461126719259,954558.5160296635,1949766.518515202,POINT (954558.5160296635 1949766.518515202)
해창양복점,중구,서울 중구 남대문로7길 33 (소공동) 소공빌딩 101호,126.980017014113,37.563795833192,954077.6330125846,1951731.079507792,POINT (954077.6330125846 1951731.079507792)
허준근린공원,강서구,"서울 강서구 허준로5길 42 (가양동, 구암공원관리사무실)",126.853729825991,37.5675982250856,942927.3535935541,1952222.1425200778,POINT (942927.3535935541 1952222.1425200778)
갤러리모순,중구,"서울 중구 정동길 33 (정동, 신아일보) 203호",126.972170048684,37.5662500894879,953386.1514920626,1952007.23049998,POINT (953386.1514920626 1952007.23049998)
혜성미용실,구로구,서울 구로구 고척로6길 42 (오류동),126.84109552916,37.4966010908424,941756.4094765629,1944353.1028645409,POINT (941756.4094765629 1944353.1028645409)
공항칼국수,강서구,"서울 강서구 공항대로 18-1 (공항동, 이스카이오피스텔) 지하 1층",126.809129234237,37.5609595311681,938983.1764116527,1951513.6295963358,POINT (938983.1764116527 1951513.6295963358)
국립한글박물관 ,용산구,"서울 용산구 서빙고로 139 (용산동6가, 국립한글박물관)",126.980486330158,37.5210687976885,954092.8894584544,1946990.5152682916,POINT (954092.8894584544 1946990.5152682916)
국립항공박물관	,강서구,"서울 강서구 하늘길 177 (공항동, 국립항공박물관)",126.80887234623,37.5568697658909,938957.1515775413,1951060.0539406696,POINT (938957.1515775413 1951060.0539406696)
마포옥,마포구,서울특별시 마포구 토정로 312 (용강동),126.943351207119,37.5398742377381,950823.7462876478,1949095.6469168493,POINT (950823.7462876478 1949095.6469168493)
북촌목공예공방,종로구,서울 종로구 계동길 112 지1층,126.986935437125,37.5823429714786,954699.8747985433,1953785.4367616249,POINT (954699.8747985433 1953785.4367616249)
서소문성지역사박물관,중구,서울 중구 칠패로 5 (의주로2가),126.968867161039,37.5605678517575,953090.9010917951,1951378.4576844801,POINT (953090.9010917951 1951378.4576844801)
서울중앙우체국,중구,"서울 중구 소공로 70 (충무로1가, 서울중앙우체국청사)",126.982169090151,37.5615987374058,954266.3521671962,1951486.2732958521,POINT (954266.3521671962 1951486.2732958521)
스페이스 씨,강남구,"서울특별시 강남구 언주로 827, 스페이스씨 (신사동)",127.032811501034,37.5240704255681,958718.3140186673,1947299.278849126,POINT (958718.3140186673 1947299.278849126)
종로양복점,중구,서울 중구 수표로 45 (을지비즈센터) 618호 종로양복점,126.989596182183,37.5653393912938,954924.5544545745,1951897.6918675413,POINT (954924.5544545745 1951897.6918675413)
하동관 ,중구,서울 중구 명동9길 12 (명동1가),126.98503102565,37.5644336698671,954520.8369832827,1951799.4060474907,POINT (954520.8369832827 1951799.4060474907)
학림다방,종로구,서울 종로구 대학로 119 2층,127.001677370261,37.5819304868796,956001.253484699,1953732.666736628,POINT (956001.253484699 1953732.666736628)
학사당구장,동대문구,서울 동대문구 안암로 154 (제기동) 2층,127.035060919618,37.5883726180903,958952.3653578635,1954432.2782077577,POINT (958952.3653578635 1954432.2782077577)
한상수자수박물관,성북구,"서울 성북구 성북로 87-1 (성북동, 백강빌딩)",126.999156775598,37.5929188231965,955785.199816229,1954952.9554839893,POINT (955785.199816229 1954952.9554839893)
한성백제박물관,송파구,"서울 송파구 위례성대로 71 (방이동, 한성백제박물관)",127.120800706942,37.5154287227604,966489.3801859418,1946305.5579181935,POINT (966489.3801859418 1946305.5579181935)
한신옹기,용산구,서울 용산구 신흥로 7 (용산동2가),126.986504185678,37.5391526489225,954635.6181433972,1948993.896984204,POINT (954635.6181433972 1948993.896984204)
"현대카드 뮤직 라이브러리, 현대카드 바이닐앤플라스틱",용산구,서울 용산구 이태원로 246 (한남동),127.000702064249,37.5366355725896,955888.4441193999,1948707.8864475326,POINT (955888.4441193999 1948707.8864475326)
