역번호,역사명,노선번호,노선명,환승역구분,역사도로명주소,X좌표(WGS84),Y좌표(WGS84),X좌표(GRS80TM),Y좌표(GRS80TM)
0124,청량리(서울시립대입구),I4101,1호선,환승역,서울특별시 동대문구 왕산로 지하205(전농동),127.045063,37.580148,959830.9952074286,1953515.4728166435
0125,제기동,I4101,1호선,일반역,서울특별시 동대문구 왕산로 지하93(제기동),127.034902,37.578116,958932.700953394,1953294.4255827009
0126,신설동,I4101,1호선,환승역,서울특별시 동대문구 왕산로 지하1(신설동),127.02471,37.576117,958031.6388365318,1953077.150333896
0127,동묘앞,I4101,1호선,환승역,서울특별시 종로구 종로 359(숭인동),127.016459,37.573265,957301.438278906,1952764.4526539417
0128,동대문,I4101,1호선,환승역,서울특별시 종로구 종로 지하302(창신동),127.01069,37.571646,956791.074442657,1952587.4698972397
0129,종로5가,I4101,1호선,일반역,서울특별시 종로구 종로 지하216(종로5가),127.0019,37.570971,956014.4641994928,1952516.6603829376
0130,종로3가,I4101,1호선,환승역,서울특별시 종로구 종로 지하129(종로3가),126.992095,37.570429,955148.2867766198,1952461.163139144
0131,종각,I4101,1호선,일반역,서울특별시 종로구 종로 지하55(종로1가),126.983116,37.570203,954355.2321871056,1952440.413312612
0132,시청,I4101,1호선,환승역,서울특별시 중구 세종대로 지하101(정동),126.977207,37.565211,953830.3378695836,1951889.462075488
0133,서울역,I4101,1호선,환승역,서울특별시 중구 세종대로 지하2(남대문로 5가),126.972103,37.55585,953373.749358256,1950853.425694316
0201,시청,S1102,2호선,환승역,서울특별시 중구 서소문로 지하127(서소문동),126.975271,37.563534,953658.3229229094,1951704.360111684
0202,을지로입구,S1102,2호선,일반역,서울특별시 중구 을지로 지하42(을지로1가),126.982569,37.565998,954304.3587816654,1951974.155031672
0203,을지로3가,S1102,2호선,환승역,서울특별시 중구 을지로 지하106(을지로3가),126.990873,37.566292,955037.8877970072,1952002.7673980235
0204,을지로4가,S1102,2호선,환승역,서울특별시 중구 을지로 지하178(을지로4가),126.997622,37.566611,955634.0998449174,1952034.9511738536
0205,동대문역사문화공원(DDP),S1102,2호선,환승역,서울특별시 중구 을지로 지하279(을지로7가),127.009083,37.565609,956645.6670335364,1951918.4351895845
0206,신당,S1102,2호선,환승역,서울특별시 중구 퇴계로 지하431-1(신당동),127.0194259,37.565675,957559.122196659,1951921.0362633383
0207,상왕십리,S1102,2호선,일반역,서울특별시 성동구 왕십리로 지하374(하왕십리동),127.029322,37.564444,958432.3963207684,1951780.0399452955
0208,왕십리(성동구청),S1102,2호선,환승역,서울특별시 성동구 왕십리로 지하300(행당동),127.0370615,37.561289,959114.184641554,1951426.6140921265
0209,한양대,S1102,2호선,일반역,서울특별시 성동구 왕십리로 206(행당동),127.0436594,37.555758,959693.9221033666,1950810.1293984829
0210,뚝섬,S1102,2호선,일반역,서울특별시 성동구 아차산로 18(성수동1가),127.047413,37.54718,960020.8771363966,1949856.8444581928
0211,성수,S1102,2호선,일반역,서울특별시 성동구 아차산로 100(성수동2가),127.055983,37.544628,960776.5721019368,1949570.104612468
0212,건대입구,S1102,2호선,환승역,서울특별시 광진구 아차산로 243(화양동),127.069231,37.540408,961944.7304597476,1949096.4755224376
0213,구의(광진구청),S1102,2호선,일반역,서울특별시 광진구 아차산로 384-1(구의동),127.0862124,37.537157,963443.3319101708,1948729.0590267892
0214,강변(동서울터미널),S1102,2호선,일반역,서울특별시 광진구 강변역로 53(구의동),127.094684,37.535161,964190.8165949244,1948504.3551141364
0215,잠실나루,S1102,2호선,일반역,서울특별시 송파구 오금로 20(신천동),127.103836,37.520688,964992.6251598712,1946895.2190861388
0216,잠실(송파구청),S1102,2호선,환승역,서울특별시 송파구 올림픽로 지하265(신천동),127.100129,37.513305,964661.5701084968,1946077.507941468
0217,잠실새내,S1102,2호선,일반역,서울특별시 송파구 올림픽로 지하140(잠실동),127.086224,37.511653,963431.9101567932,1945899.5424250225
0218,종합운동장,S1102,2호선,환승역,서울특별시 송파구 올림픽로 지하23(잠실동),127.073841,37.511128,962337.2745084496,1945846.181593679
0219,삼성(무역센터),S1102,2호선,일반역,서울특별시 강남구 테헤란로 지하538(삼성동),127.063203,37.508827,961395.9284661382,1945595.21145871
0220,선릉,S1102,2호선,환승역,서울특별시 강남구 테헤란로 지하340(삼성동),127.048974,37.504477,960136.0512203472,1945118.5391412848
0221,역삼,S1102,2호선,일반역,서울특별시 강남구 테헤란로 지하156(역삼동),127.03643,37.500658,959025.2560843565,1944700.2329723183
0222,강남,S1102,2호선,환승역,서울특별시 강남구 강남대로 지하396(역삼동),127.02795,37.49805,958274.257106611,1944414.617740294
0223,교대(법원·검찰청),S1102,2호선,환승역,서울특별시 서초구 서초대로 지하294(서초동),127.014431,37.493957,957076.927150371,1943966.604679916
0224,서초,S1102,2호선,일반역,서울특별시 서초구 서초대로 지하233(서초동),127.007685,37.49191,956479.4062199496,1943742.6007444384
0225,방배,S1102,2호선,일반역,서울특별시 서초구 방배로 지하80(방배동),126.997627,37.481469,955584.0929586632,1942588.9372027544
0226,사당,S1102,2호선,환승역,서울특별시 동작구 남부순환로 지하2089(사당동),126.981631,37.476536,954166.828422214,1942049.31917179
0227,낙성대(강감찬),S1102,2호선,일반역,서울특별시 관악구 남부순환로 지하1928(봉천동),126.963583,37.47713,952571.4229974636,1942124.1570280916
0228,서울대입구(관악구청),S1102,2호선,일반역,서울특별시 관악구 남부순환로 지하1822(봉천동),126.952745,37.481233,951615.7936510493,1942584.872558793
0229,봉천,S1102,2호선,일반역,서울특별시 관악구 남부순환로 지하1721(봉천동),126.941696,37.482416,950639.6936831168,1942721.8540851253
0230,신림,S1102,2호선,일반역,서울특별시 관악구 남부순환로 지하1614(신림동),126.929573,37.484216,949569.0858648156,1942927.977471471
0231,신대방,S1102,2호선,일반역,서울특별시 동작구 대림로 2(신대방동),126.913479,37.487604,948148.5593293508,1943312.5978278755
0232,구로디지털단지,S1102,2호선,일반역,서울특별시 구로구 도림천로 477(구로동),126.901456,37.4852931,947084.0249317432,1943062.907369492
0233,대림(구로구청),S1102,2호선,환승역,서울특별시 구로구 도림천로 351(구로동),126.8949793,37.4932826,946517.12517784,1943952.9549548288
0234,신도림,S1102,2호선,환승역,서울특별시 구로구 새말로 지하 117-21(신도림동),126.891222,37.508815,946196.1294212438,1945678.3276716813
0235,문래,S1102,2호선,일반역,서울특별시 영등포구 당산로 지하28(문래동3가),126.894766,37.517993,946515.901742083,1946694.5558159684
0236,영등포구청,S1102,2호선,환승역,서울특별시 영등포구 당산로 지하121(당산동3가),126.896627,37.525766,946685.8900102132,1947555.8722485788
0237,당산,S1102,2호선,환승역,서울특별시 영등포구 당산로 229(당산동6가),126.902611,37.534807,947221.0131604325,1948555.5490292504
0238,합정,S1102,2호선,환승역,서울특별시 마포구 양화로 지하55(서교동),126.914557,37.550025,948286.9578445771,1950237.2716897617
0239,홍대입구,S1102,2호선,환승역,서울특별시 마포구 양화로 지하160(동교동),126.923643,37.556748,949094.1179820657,1950978.196258571
0240,신촌(지하),S1102,2호선,일반역,서울특별시 마포구 신촌로 지하90(노고산동),126.93689,37.555153,950263.089498574,1950794.1468528488
0241,이대,S1102,2호선,일반역,서울특별시 마포구 신촌로 지하180(염리동),126.945897,37.556734,951059.6767792084,1950964.8231776564
0242,아현,S1102,2호선,일반역,서울특별시 마포구 신촌로 지하270(아현동),126.956079,37.557407,951959.425935813,1951034.2363532488
0243,충정로(경기대입구),S1102,2호선,환승역,서울특별시 서대문구 서소문로 지하17(충정로3가),126.964455,37.559742,952700.6986147432,1951289.0448293868
2111,용답,S1121,2호선,일반역,서울특별시 성동구 용답길 86(용답동),127.05087863,37.562066,960334.9048367764,1951506.8970279524
2112,신답,S1121,2호선,일반역,서울특별시 성동구 천호대로 232(용답동),127.047048,37.569847,960000.7537182604,1952371.7819691116
2113,용두(동대문구청),S1121,2호선,일반역,서울특별시 동대문구 천호대로 지하129(용두동),127.03811,37.574012,959213.7246526512,1952837.7098172656
2114,신설동,S1121,2호선,일반역,서울특별시 동대문구 왕산로 지하 1(신설동),127.025158,37.574653,958070.3768370568,1952914.526758671
2341,도림천,S1122,2호선,일반역,서울특별시 구로구 경인로67길 160(신도림동),126.882586,37.5145589,945437.0527086192,1946320.5551487808
2342,양천구청,S1122,2호선,일반역,서울특별시 양천구 목동로3길 지하33(신정동),126.865593,37.5123294,943933.640616602,1946083.1946603644
2343,신정네거리,S1122,2호선,일반역,서울특별시 양천구 중앙로 지하261(신정동),126.852849,37.520218,942813.3846403724,1946966.0641633
0319,지축,I1103,3호선,일반역,경기도 고양시 덕양구 삼송로 300(지축동),126.913751,37.648151,948283.7284973525,1961124.4033047876
0320,구파발,I1103,3호선,일반역,서울특별시 은평구 진관2로 지하15-25 (진관동),126.918827,37.636612,948723.5834779644,1959841.401748012
0321,연신내,I1103,3호선,환승역,서울특별시 은평구 통일로 지하849(갈현동),126.920959,37.619295,948899.8348851276,1957918.9779995151
0322,불광,I1103,3호선,환승역,서울특별시 은평구 통일로 지하723-1(대조동),126.930183,37.610154,949707.7004314236,1956899.8368225584
0323,녹번,I1103,3호선,일반역,서울특별시 은평구 통일로 지하602-1(녹번동),126.935758,37.600882,950193.5745007632,1955868.173378589
0324,홍제,I1103,3호선,일반역,서울특별시 서대문구 통일로 지하440-1(홍제동),126.944092,37.588851,950921.3331351083,1954528.996833168
0325,무악재,I1103,3호선,일반역,서울특별시 서대문구 통일로 지하361(홍제동),126.950131,37.582658,951450.4719679068,1953838.772453035
0326,독립문,I1103,3호선,일반역,서울특별시 서대문구 통일로 지하247(현저동),126.957902,37.574534,952131.4006222052,1952933.4641144508
0327,경복궁(정부서울청사),I1103,3호선,일반역,서울특별시 종로구 사직로 지하130(적선동),126.973576,37.575844,953516.2782926572,1953070.932288911
0328,안국,I1103,3호선,일반역,서울특별시 종로구 율곡로 지하62(안국동),126.98547,37.576562,954566.9730346312,1953144.772850672
0329,종로3가,I1103,3호선,환승역,서울특별시 종로구 돈화문로 지하30(묘동),126.991837,37.571537,955126.168135734,1952584.213500978
0330,을지로3가,I1103,3호선,환승역,서울특별시 중구 을지로 지하129(을지로3가),126.992616,37.566299,955191.8211541704,1952002.7114962807
0331,충무로,I1103,3호선,환승역,서울특별시 중구 퇴계로 지하214(필동2가),126.994173,37.561382,955326.3879883436,1951456.4538389056
0332,동대입구,I1103,3호선,일반역,서울특별시 중구 동호로 지하256(장충동2가),127.005273,37.55906,956305.3677911554,1951193.621627456
0333,약수,I1103,3호선,환승역,서울특별시 중구 다산로 지하122(신당동),127.010858,37.554554,956796.0404680108,1950691.1227865173
0334,금호,I1103,3호선,일반역,서울특별시 성동구 동호로 지하104(금호동4가),127.015785,37.548269,957227.633771583,1949991.5825828623
0335,옥수,I1103,3호선,환승역,서울특별시 성동구 동호로 21(옥수동),127.017303,37.541653,957357.9563476444,1949256.884137731
0336,압구정,I1103,3호선,일반역,서울특별시 강남구 압구정로 지하172(신사동),127.028502,37.526169,958338.6829345328,1947534.0033045376
0337,신사,I1103,3호선,일반역,서울특별시 강남구 도산대로 지하102(신사동),127.020247,37.516438,957603.7651922586,1946458.0950235503
0338,잠원,I1103,3호선,일반역,서울특별시 서초구 잠원로4길 지하46(잠원동),127.011613,37.512989,956838.7792310376,1946079.3750825748
0339,고속터미널,I1103,3호선,환승역,서울특별시 서초구 신반포로 지하188(반포동),127.004916,37.504953,956242.2369752744,1945190.923160712
0340,교대(법원·검찰청),I1103,3호선,환승역,서울특별시 서초구 서초대로 지하294(서초동),127.013796,37.49306,957020.2803776376,1943867.3780540533
0341,남부터미널(예술의전당),I1103,3호선,일반역,서울특별시 서초구 서초중앙로 지하31(서초동),127.016289,37.48494,957236.0304741138,1942965.38169992
0342,양재(서초구청),I1103,3호선,환승역,서울특별시 서초구 남부순환로 지하2585(서초동),127.03423,37.48458,958821.9719042808,1942917.444072429
0343,매봉,I1103,3호선,일반역,서울특별시 강남구 남부순환로 지하2744(도곡동),127.046907,37.487114,959944.085665741,1943193.105262789
0344,도곡,I1103,3호선,환승역,서울특별시 강남구 남부순환로 지하2814(도곡동),127.055694,37.491129,960723.0112343252,1943634.840249602
0345,대치,I1103,3호선,일반역,서울특별시 강남구 남부순환로 지하2952(대치동),127.063449,37.494601,961410.3490427616,1944016.82810468
0346,학여울,I1103,3호선,일반역,서울특별시 강남구 남부순환로 지하3104(대치동),127.0708601,37.496787,962066.5744819124,1944256.3377810416
0347,대청,I1103,3호선,일반역,서울특별시 강남구 일원로 지하2(일원동),127.079526,37.493607,962831.0163650456,1943900.0807275996
0348,일원,I1103,3호선,일반역,서울특별시 강남구 일원로 지하121(일원동),127.08416,37.48389,963235.8918423272,1942820.225964736
0349,수서,I1103,3호선,환승역,서울특별시 강남구 광평로 지하270(수서동),127.101924,37.4875,964808.0941849196,1943213.9421363529
0350,가락시장,I1103,3호선,환승역,서울특별시 송파구 송파대로 지하257(가락동),127.1177,37.492318,966204.9475942984,1943742.685595979
0351,경찰병원,I1103,3호선,일반역,서울특별시 송파구 중대로 지하149(가락동),127.124198,37.495754,966780.8903153058,1944121.573235316
0352,오금,I1103,3호선,환승역,서울특별시 송파구 오금로 지하321(오금동),127.128344,37.502288,967150.2408287844,1944845.0211835569
0409,불암산,I1104,4호선,일반역,서울특별시 노원구 상계로 305(상계동),127.079004,37.67009,962872.6186139928,1963480.1861060748
0410,상계,I1104,4호선,일반역,서울특별시 노원구 상계로 182(상계동),127.073199,37.660576,962355.8721200876,1962426.9553531385
0411,노원,I1104,4호선,환승역,서울특별시 노원구 상계로 69-1(상계동),127.063183,37.656274,961470.2268333564,1961953.7316516235
0412,창동,I1104,4호선,환승역,서울특별시 도봉구 마들로11길 77(창동),127.048304,37.653315,960156.2254447272,1961631.658108368
0413,쌍문,I1104,4호선,일반역,서울특별시 도봉구 도봉로 지하 486-1(창동),127.034381,37.648274,958925.3045599085,1961078.3831490665
0414,수유(강북구청),I1104,4호선,일반역,서울특별시 강북구 도봉로 지하338(수유동),127.025371,37.637727,958124.560316232,1959912.2160105195
0415,미아(서울사이버대학),I1104,4호선,일반역,서울특별시 강북구 도봉로 지하198(미아동),127.026151,37.626435,958187.0519153128,1958659.0647389935
0416,미아사거리,I1104,4호선,일반역,서울특별시 강북구 도봉로 지하50(미아동),127.030083,37.613276,958526.7086386888,1957197.3835389365
0417,길음,I1104,4호선,일반역,서울특별시 성북구 동소문로 지하248(길음동),127.025053,37.603387,958077.2249550977,1956102.4759837424
0418,성신여대입구(돈암),I1104,4호선,일반역,서울특별시 성북구 동소문로 지하102(동선동4가),127.016908,37.592882,957352.2794327053,1954940.661218762
0419,한성대입구(삼선교),I1104,4호선,일반역,서울특별시 성북구 삼선교로 지하1(삼선동1가),127.005951,37.58838,956382.353883878,1954446.2169388863
0420,혜화,I1104,4호선,일반역,서울특별시 종로구 대학로 지하120(명륜4가),127.001929,37.582116,956023.5800728004,1953753.130714649
0421,동대문,I1104,4호선,환승역,서울특별시 종로구 율곡로 지하308(종로6가),127.00925,37.57099,956663.533132118,1952515.353112835
0422,동대문역사문화공원(DDP),I1104,4호선,환승역,서울특별시 중구 장충단로 지하230(광희동2가),127.007808,37.565141,956532.7953565776,1951867.1019281617
0423,충무로,I1104,4호선,환승역,서울특별시 중구 퇴계로 지하214(필동2가),126.994573,37.561352,955361.6975137198,1951452.9354344287
0424,명동,I1104,4호선,일반역,서울특별시 중구 퇴계로 지하126(충무로2가),126.986271,37.560955,954628.2356576204,1951412.865745951
0425,회현(남대문시장),I1104,4호선,일반역,서울특별시 중구 퇴계로 지하54(남창동),126.978346,37.558698,953926.9169377632,1951166.318309008
0426,서울역,I1104,4호선,환승역,서울특별시 용산구 한강대로 지하392(동자동),126.972706,37.553172,953425.3427818744,1950556.0163386944
0427,숙대입구(갈월),I1104,4호선,일반역,서울특별시 용산구 한강대로 지하306(갈월동),126.9721,37.5447834,953366.5898260056,1949625.6453173875
0428,삼각지(전쟁기념관),I1104,4호선,환승역,서울특별시 용산구 한강대로 지하180(한강로1가),126.972992,37.534457,953438.9665634868,1948479.5448526607
0429,신용산,I1104,4호선,일반역,서울특별시 용산구 한강대로 지하112(한강로2가),126.96858,37.52919,953045.8626425508,1947897.3938318784
0430,이촌(국립중앙박물관),I1104,4호선,환승역,서울특별시 용산구 서빙고로 지하83(용산동5가),126.9679818,37.52919,952993.0076970812,1947897.6926405164
0431,동작(현충원),I1104,4호선,환승역,서울특별시 동작구 현충로 257(동작동),126.980171,37.503567,954054.297266833,1945048.9486030915
0432,총신대입구(이수),I1104,4호선,환승역,서울특별시 동작구 동작대로 지하117(사당동),126.982309,37.487521,954233.4771542874,1943267.7036278492
0433,사당,I1104,4호선,환승역,서울특별시 동작구  동작대로 지하3(사당동),126.981636,37.476263,954167.10379005,1942019.0291931075
0434,남태령,I1104,4호선,일반역,서울특별시 서초구 과천대로 지하816(방배동),126.989081,37.464339,954818.2065321176,1940692.54436028
0510,방화,S1105,5호선,일반역,서울특별시 강서구 금낭화로 지하132(방화동),126.812822,37.577669,939322.878125792,1953365.0875090924
0511,개화산,S1105,5호선,일반역,서울특별시 강서구 양천로 22(방화동),126.806838,37.572458,938790.224991624,1952790.8287688675
0512,김포공항,S1105,5호선,환승역,서울특별시 강서구 하늘길 지하77(방화동),126.801273,37.56217,938290.3134163136,1951653.0557510091
0513,송정,S1105,5호선,일반역,서울특별시 강서구 공항대로 지하33(공항동),126.812052,37.561201,939241.5106744724,1951538.5260162032
0514,마곡,S1105,5호선,일반역,서울특별시 강서구 공항대로 지하163(마곡동),126.837693,37.55865,941504.1158683002,1951239.235862173
0515,발산,S1105,5호선,일반역,서울특별시 강서구 공항대로 지하267(마곡동),126.82693,37.562182,940556.3076308784,1951637.8493787388
0516,우장산,S1105,5호선,일반역,서울특별시 강서구 강서로 지하262(화곡동),126.83633,37.548864,941376.066872122,1950154.371521856
0517,화곡,S1105,5호선,일반역,서울특별시 강서구 화곡로 지하168(화곡동),126.840436,37.541585,941733.1007972632,1949344.247342317
0518,까치산,S1105,5호선,환승역,서울특별시 강서구 강서로 지하54(화곡동),126.846466,37.53221,942258.577690231,1948300.4162491076
0519,신정(은행정),S1105,5호선,일반역,서울특별시 양천구 오목로 지하179(신정동),126.856176,37.525001,943111.0159341064,1947494.6962601985
0520,목동,S1105,5호선,일반역,서울특별시 양천구 오목로 지하245(목동),126.864296,37.526088,943829.3306810636,1947610.4132428924
0521,오목교(목동운동장앞),S1105,5호선,일반역,서울특별시 양천구 오목로 지하342(목동),126.875049,37.524557,944778.3448133146,1947434.1894020373
0522,양평,S1105,5호선,일반역,서울특별시 영등포구 양산로 지하21(양평동2가),126.886177,37.525614,945762.4075913932,1947544.9831577549
0523,영등포구청,S1105,5호선,환승역,서울특별시 영등포구 양산로 지하116(당산동3가),126.895022,37.524209,946542.9596266858,1947384.0422612643
0524,영등포시장,S1105,5호선,일반역,서울특별시 영등포구 양산로 지하200(영등포동5가),126.905143,37.52276,947436.2628240444,1947217.5796786968
0525,신길,S1105,5호선,환승역,서울특별시 영등포구 경인로114가길 지하9(영등포동1가),126.914886,37.51763,948293.657759528,1946643.034451563
0526,여의도,S1105,5호선,환승역,서울특별시 영등포구 여의나루로 지하40(여의도동),126.924318,37.521678,949129.9163308308,1947086.9954588811
0527,여의나루,S1105,5호선,일반역,서울특별시 영등포구 여의동로 지하343(여의도동),126.932807,37.527045,949883.6428626828,1947677.8778646784
0528,마포,S1105,5호선,일반역,서울특별시 마포구 마포대로 지하33(도화동),126.946043,37.539718,951061.4482701533,1949076.908793073
0529,공덕,S1105,5호선,환승역,서울특별시 마포구 마포대로 지하100(공덕동),126.951058,37.544005,951507.271687842,1949549.9306792207
0530,애오개,S1105,5호선,일반역,서울특별시 마포구 마포대로 지하210(아현동),126.956733,37.553592,952014.7431844656,1950610.64718176
0531,충정로(경기대입구),S1105,5호선,환승역,서울특별시 서대문구 충정로 지하 28-1(충정로3가),126.962783,37.560061,952553.2288479056,1951325.27904516
0532,서대문,S1105,5호선,일반역,서울특별시 종로구 통일로 지하126(평동),126.966639,37.565812,952897.4126664366,1951961.3845506548
0533,광화문(세종문화회관),S1105,5호선,일반역,서울특별시 종로구 세종대로 지하172(세종로),126.976568,37.571645,953777.881294866,1952603.5971727937
0534,종로3가(탑골공원),S1105,5호선,환승역,서울특별시 종로구 돈화문로11길 지하 26(돈의동),126.990447,37.572546,955004.0290514694,1952696.8218739412
0535,을지로4가,S1105,5호선,환승역,서울특별시 중구 창경궁로 지하51(주교동),126.998127,37.56728,955679.0939855024,1952108.935086111
0536,동대문역사문화공원(DDP),S1105,5호선,환승역,서울특별시 중구 마른내로 지하162(광희동1가),127.00533,37.564682,956313.6850175012,1951817.3272438308
0537,청구,S1105,5호선,환승역,서울특별시 중구 청구로 지하77(신당동),127.01379,37.560237,957058.2753806752,1951320.2782859209
0538,신금호,S1105,5호선,일반역,서울특별시 성동구 금호로 지하154(금호동2가),127.020403,37.554504,957639.0890616252,1950681.2312780009
0539,행당,S1105,5호선,일반역,서울특별시 성동구 행당로 지하89(행당동),127.029482,37.557297,958442.557138388,1950987.046996549
0540,왕십리(성동구청),S1105,5호선,환승역,서울특별시 성동구 왕십리로 지하300(행당동),127.037264,37.56197,959132.4411313656,1951502.079387623
0541,마장,S1105,5호선,일반역,서울특별시 성동구 마장로 지하296(마장동),127.042921,37.566066,959634.2645910978,1951954.0643004295
0542,답십리,S1105,5호선,일반역,서울특별시 성동구 천호대로 지하300(용답동),127.05266,37.566833,960494.7485314492,1952035.0202443488
0543,장한평,S1105,5호선,일반역,서울특별시 동대문구 천호대로 지하405(장안동),127.064601,37.561438,961546.5080800692,1951431.520846672
0544,군자(능동),S1105,5호선,환승역,서울특별시 광진구 천호대로 지하550(능동),127.079559,37.557102,962865.4204631732,1950944.450492397
0545,아차산(어린이대공원후문),S1105,5호선,일반역,서울특별시 광진구 천호대로 지하657(능동),127.089609,37.552005,963750.6010493174,1950375.043825365
0546,광나루(장신대),S1105,5호선,일반역,서울특별시 광진구 아차산로 지하571(광장동),127.103478,37.545301,964972.5031594856,1949626.015933655
0547,천호(풍납토성),S1105,5호선,환승역,서울특별시 강동구 천호대로 지하997(천호동),127.123539,37.538566,966741.6435093397,1948871.522983556
0548,강동,S1105,5호선,일반역,서울특별시 강동구 천호대로 지하1097(천호동),127.13249,37.53581,967531.225357668,1948562.6333189053
0549,길동,S1105,5호선,일반역,서울특별시 강동구 양재대로 지하1480(길동),127.140085,37.538022,968203.1700173328,1948805.4460567008
0550,굽은다리(강동구민회관앞),S1105,5호선,일반역,서울특별시 강동구 양재대로 지하1572(명일동),127.142844,37.545442,968450.0426197192,1949627.72111024
0551,명일,S1105,5호선,일반역,서울특별시 강동구 양재대로 지하1632(명일동),127.144002,37.551317,968554.80490567,1950279.1297971369
0552,고덕,S1105,5호선,일반역,서울특별시 강동구 고덕로 지하253(고덕동),127.154214,37.555002,969458.3344946296,1950684.592166052
0553,상일동,S1105,5호선,일반역,서울특별시 강동구 고덕로 지하359(상일동),127.166381,37.556714,970533.6662229224,1950870.644945223
0554,강일,S1105,5호선,일반역,서울특별시 강동구 고덕로 지하456(강일동),127.176018,37.557521,971385.1489313104,1950957.199478635
0555,미사,S1105,5호선,일반역,경기도 하남시 미사강변동로 지하90(망월동),127.192954,37.56309,972882.9984501988,1951570.0265913475
0556,하남풍산,S1105,5호선,일반역,경기도 하남시 덕풍서로 지하50(덕풍동),127.203897,37.552201,973845.6344293108,1950358.855015369
0557,하남시청(덕풍∙신장),S1105,5호선,일반역,경기도 하남시 하남대로 지하820(덕풍동),127.206901,37.541723,974107.3501710698,1949195.55325946
0558,하남검단산,S1105,5호선,일반역,경기도 하남시 대청로 지하100(창우동),127.223427,37.539729,975566.6253903576,1948969.908954247
P549,둔촌동,S1105,5호선,일반역,서울특별시 강동구 양재대로 지하1369(둔촌동),127.136219,37.527787,967857.2333208588,1947671.250068896
P550,올림픽공원(한국체대),S1105,5호선,일반역,서울특별시 송파구 양재대로 지하1233(방이동),127.130957,37.516217,967387.2589722864,1946389.4431814544
P551,방이,S1105,5호선,일반역,서울특별시 송파구 양재대로 지하1127(방이동),127.126054,37.508752,966950.6823003028,1945562.960869755
P552,오금,S1105,5호선,환승역,서울특별시 송파구 오금로 지하321(오금동),127.127701,37.502228,967093.3810995345,1944838.5892187413
P553,개롱,S1105,5호선,일반역,서울특별시 송파구 오금로 지하402(가락동),127.134817,37.498097,967720.5713082982,1944377.8183655376
P554,거여,S1105,5호선,일반역,서울특별시 송파구 오금로 지하499(거여동),127.143983,37.493208,968528.727951576,1943832.3133632632
P555,마천,S1105,5호선,일반역,서울특별시 송파구 마천로57길 지하7(마천동),127.152784,37.494972,969307.4451711768,1944025.1108372584
0610,응암,S1106,6호선,일반역,서울특별시 은평구 증산로 지하477(신사동),126.915583,37.59859,948411.1009461762,1955624.7777429689
0611,역촌,S1106,6호선,일반역,서울특별시 은평구 서오릉로 지하63(녹번동),126.922764,37.60605,949050.0910642304,1956448.514216976
0612,불광,S1106,6호선,환승역,서울특별시 은평구 통일로 지하723-1(대조동),126.929504,37.610919,949648.2868506574,1956985.0745849963
0613,독바위,S1106,6호선,일반역,서울특별시 은평구 불광로 지하129-1(불광동),126.933035,37.618413,949964.9556161418,1957814.617417037
0614,연신내,S1106,6호선,환승역,서울특별시 은평구 통일로 지하849(갈현동),126.920403,37.618483,948850.2113528457,1957829.1924169592
0615,구산,S1106,6호선,일반역,서울특별시 은평구 연서로 지하137-1(구산동),126.9172519,37.611196,948567.1034308288,1957022.448703504
0616,새절(신사),S1106,6호선,일반역,서울특별시 은평구 증산로 지하400(신사동),126.913613,37.591148,948232.0439761004,1954800.202236602
0617,증산(명지대앞),S1106,6호선,일반역,서울특별시 은평구 증산로 지하306(증산동),126.909785,37.583989,947889.1030032296,1954008.058015451
0618,디지털미디어시티,S1106,6호선,환승역,서울특별시 은평구 수색로 지하175(증산동),126.901343,37.5760805,947138.1489081306,1953135.3605515235
0619,월드컵경기장(성산),S1106,6호선,일반역,서울특별시 마포구 월드컵로 지하240(성산동),126.899077,37.569439,946933.3450323676,1952399.7927726908
0620,마포구청,S1106,6호선,일반역,서울특별시 마포구 월드컵로 지하190(성산동),126.903356,37.563529,947307.0579643624,1951741.6972092704
0621,망원,S1106,6호선,일반역,서울특별시 마포구 월드컵로 지하77(망원동),126.910129,37.556031,947900.003835035,1950906.05339673
0622,합정,S1106,6호선,환승역,서울특별시 마포구 양화로 지하45(합정동),126.913546,37.549033,948196.9673506032,1950127.7707919409
0623,상수,S1106,6호선,일반역,서울특별시 마포구 독막로 지하85(상수동),126.92292,37.547704,949024.099816009,1949975.200708191
0624,광흥창(서강),S1106,6호선,일반역,서울특별시 마포구 독막로 지하165(창전동),126.931971,37.547464,949823.458643276,1949943.7047382293
0625,대흥(서강대앞),S1106,6호선,일반역,서울특별시 마포구 대흥로 지하85(대흥동),126.942214,37.547732,950728.452535982,1949968.020396005
0626,공덕,S1106,6호선,환승역,서울특별시 마포구 백범로 지하200(공덕동),126.951664,37.543592,951560.5380379958,1949503.7981005465
0627,효창공원앞,S1106,6호선,환승역,서울특별시 용산구 백범로 지하287(효창동),126.961348,37.539279,952413.2784681328,1949020.3485408556
0628,삼각지(전쟁기념관),S1106,6호선,환승역,서울특별시 용산구 한강대로 지하185(한강로1가),126.973996,37.535563,953528.3567069004,1948601.7528715315
0629,녹사평(용산구청),S1106,6호선,일반역,서울특별시 용산구 녹사평대로 지하195(용산동4가),126.98665,37.53469,954645.7972914198,1948498.7203124887
0630,이태원,S1106,6호선,일반역,서울특별시 용산구 이태원로 지하177(이태원동),126.994369,37.534485,955327.6492439077,1948472.2819781203
0631,한강진,S1106,6호선,일반역,서울특별시 용산구 이태원로 지하287(한남동),127.001729,37.53956,955980.8907640371,1949031.8542150275
0632,버티고개,S1106,6호선,일반역,서울특별시 중구 다산로 지하38(신당동),127.006948,37.547933,956446.830889982,1949958.362401352
0633,약수,S1106,6호선,환승역,서울특별시 중구 다산로 지하115(신당동),127.010237,37.554087,956740.9197229084,1950639.5972093283
0634,청구,S1106,6호선,환승역,서울특별시 중구 청구로 지하77(신당동),127.013776,37.560221,957057.0297196676,1951318.5095654689
0635,신당,S1106,6호선,환승역,서울특별시 중구 다산로 지하260(흥인동),127.016158,37.566174,957270.8078318832,1951977.8786285056
0636,동묘앞,S1106,6호선,환승역,서울특별시 종로구 지봉로 지하24(숭인동),127.015666,37.572275,957230.8466831908,1952654.9777291096
0637,창신,S1106,6호선,일반역,서울특별시 종로구 지봉로 지하112(창신동),127.015246,37.579772,957198.049748915,1953486.924415278
0638,보문,S1106,6호선,일반역,서울특별시 성북구 보문로 지하116(보문동1가),127.019377,37.585293,957565.937555358,1954097.578816209
0639,안암(고대병원앞),S1106,6호선,일반역,서울특별시 성북구 고려대로 지하89(안암동5가),127.02903,37.586261,958418.7415484396,1954200.656895825
0640,고려대(종암),S1106,6호선,일반역,서울특별시 성북구 종암로 지하1(종암동),127.03626,37.59034,959059.3056998376,1954650.0265733027
0641,월곡(동덕여대),S1106,6호선,일반역,서울특별시 성북구 월곡로 지하107(하월곡동),127.041492,37.60192,959527.481291292,1955932.5062170576
0642,상월곡(한국과학기술연구원),S1106,6호선,일반역,서울특별시 성북구 화랑로 지하157(상월곡동),127.048509,37.606392,960149.2612121936,1956425.653108999
0643,돌곶이,S1106,6호선,일반역,서울특별시 성북구 화랑로 지하243(석관동),127.056419,37.610522,960849.6038759524,1956880.5302515784
0644,석계,S1106,6호선,환승역,서울특별시 노원구 화랑로 지하 347-1(월계동) ,127.065922,37.614937,961690.6064078168,1957366.434485169
0645,태릉입구,S1106,6호선,환승역,서울특별시 노원구 동일로 지하 992-1(공릉동),127.074741,37.617319,962470.1249597552,1957627.1444169527
0646,화랑대(서울여대입구),S1106,6호선,일반역,서울특별시 노원구 화랑로 지하510(공릉동),127.084106,37.619875,963297.8633868536,1957907.0183287968
0647,봉화산(서울의료원),S1106,6호선,일반역,서울특별시 중랑구 신내로 지하232(신내동),127.0912326,37.617429,963925.5980865712,1957632.8825629563
0648,신내,S1106,6호선,일반역,서울특별시 중랑구 용마산로136길 33 신내차량기지,127.104326,37.612571,965078.8453914558,1957088.957942183
0709,장암,S1107,7호선,일반역,경기도 의정부시 동일로 121(장암동),127.053126,37.70015,960606.343802595,1966825.8155417703
0710,도봉산,S1107,7호선,환승역,서울특별시 도봉구 도봉로 964-40(도봉동),127.046548,37.689131,960020.5486710252,1965606.074583105
0711,수락산,S1107,7호선,일반역,서울특별시 노원구 동일로 지하1662(상계동),127.055314,37.677804,960787.4611702928,1964345.6749099288
0712,마들,S1107,7호선,일반역,서울특별시 노원구 동일로 지하1530-1(상계동),127.057701,37.664985,960991.2388462068,1962922.4530923043
0713,노원,S1107,7호선,환승역,서울특별시 노원구 동일로 지하1409(상계동),127.060555,37.654478,961237.48729118,1961755.5548383351
0714,중계,S1107,7호선,일반역,서울특별시 노원구 동일로 지하1308-1(중계동),127.064084,37.645052,961543.9142828912,1960708.3224462664
0715,하계,S1107,7호선,일반역,서울특별시 노원구 동일로 지하1196(하계동),127.067999,37.636363,961884.8544566232,1959742.714020872
0716,공릉(서울과학기술대),S1107,7호선,일반역,서울특별시 노원구 동일로 지하1074(공릉동),127.072969,37.625642,962317.9432771656,1958551.2556369856
0717,태릉입구,S1107,7호선,환승역,서울특별시 노원구 동일로 지하 992-1(공릉동),127.075361,37.618519,962525.4436288808,1957760.031484661
0718,먹골,S1107,7호선,일반역,서울특별시 중랑구 동일로 지하901(묵동),127.077719,37.610638,962729.6057365556,1956884.7305901984
0719,중화,S1107,7호선,일반역,서울특별시 중랑구 동일로 지하797(중화동),127.079254,37.602604,962861.0906667334,1955992.7867861427
0720,상봉,S1107,7호선,환승역,서울특별시 중랑구 망우로 297(상봉동),127.085708,37.595673,963427.3901035192,1955221.29205674
0721,면목,S1107,7호선,일반역,서울특별시 중랑구 면목로 지하407(면목동) ,127.087503,37.588671,963582.4368311838,1954443.756800968
0722,사가정,S1107,7호선,일반역,서울특별시 중랑구 사가정로 지하393(면목동),127.088502,37.580912,963666.863643022,1953582.5478447855
0723,용마산(용마폭포공원),S1107,7호선,일반역,서울특별시 중랑구 용마산로 지하227(면목동),127.086802,37.573752,963513.2681989158,1952788.8415927773
0724,중곡,S1107,7호선,일반역,서울특별시 광진구 능동로 지하417(중곡동),127.084291,37.565877,963287.6725393912,1951916.1300238292
0725,군자(능동),S1107,7호선,환승역,서울특별시 광진구 천호대로 지하550(능동),127.079484,37.557151,962858.8205337644,1950949.91640562
0726,어린이대공원(세종대),S1107,7호선,일반역,서울특별시 광진구 능동로 지하210(화양동),127.07465,37.547962,962427.2528903808,1949932.3691778176
0727,건대입구,S1107,7호선,환승역,서울특별시 광진구 능동로 지하110(화양동),127.071103,37.540882,962110.3485487167,1949148.30710188
0728,자양(뚝섬한강공원),S1107,7호선,일반역,서울특별시 광진구 능동로 10(자양동),127.066714,37.531558,961717.8470695692,1948115.641479893
0729,청담,S1107,7호선,일반역,서울특별시 강남구 학동로 지하508(청담동),127.051851,37.519097,960398.0617521268,1946739.3219420256
0730,강남구청,S1107,7호선,환승역,서울특별시 강남구 학동로 지하346(삼성동),127.04122,37.517185,959457.5841158916,1946531.725492398
0731,학동,S1107,7호선,일반역,서울특별시 강남구 학동로 지하180(논현동),127.031738,37.514262,958618.040367445,1946211.5648490288
0732,논현,S1107,7호선,일반역,서울특별시 강남구 학동로 지하102(논현동),127.021385,37.511108,957701.3238914124,1945866.2517580416
0733,반포,S1107,7호선,일반역,서울특별시 서초구 신반포로 지하241(잠원동),127.011717,37.508171,956845.1964534312,1945544.7997024253
0734,고속터미널,S1107,7호선,환승역,서울특별시 서초구 신반포로 지하188(반포동),127.005055,37.503387,956253.608751836,1945017.1205421104
0735,내방,S1107,7호선,일반역,서울특별시 서초구 서초대로 지하103(방배동),126.993541,37.48764,955226.5210712312,1943275.504789553
0736,총신대입구(이수),S1107,7호선,환승역,서울특별시 동작구 사당로 지하310(사당동),126.981766,37.485258,954184.0908234472,1943016.902433176
0737,남성,S1107,7호선,일반역,서울특별시 동작구 사당로 지하218(사당동),126.971108,37.484688,953241.4786854064,1942958.9045585643
0738,숭실대입구(살피재),S1107,7호선,일반역,서울특별시 동작구 상도로 지하378(상도동),126.953649,37.496258,951705.393438336,1944251.3382533567
0739,상도,S1107,7호선,일반역,서울특별시 동작구 상도로 지하272(상도1동),126.947949,37.50279,951205.7895401045,1944978.9642612764
0740,장승배기,S1107,7호선,일반역,서울특별시 동작구 상도로 지하188(상도동) ,126.939025,37.504845,950418.3751952706,1945211.6187682552
0741,신대방삼거리,S1107,7호선,일반역,서울특별시 동작구 상도로 지하76(대방동),126.928218,37.499717,949459.7366314724,1944648.4461056213
0742,보라매,S1107,7호선,일반역,서울특별시 동작구 상도로 지하2(대방동),126.920112,37.499916,948743.3705573162,1944674.907798836
0743,신풍,S1107,7호선,일반역,서울특별시 영등포구 신풍로 지하27(신길동),126.909806,37.500107,947832.5419012055,1944701.7608592445
0744,대림(구로구청),S1107,7호선,환승역,서울특별시 영등포구 도림로 지하137(대림동),126.896997,37.492984,946695.2761789464,1943918.6825158647
0745,남구로,S1107,7호선,일반역,서울특별시 구로구 도림로 지하7(구로동) ,126.887372,37.486181,945839.517803649,1943169.4238367944
0746,가산디지털단지,S1107,7호선,환승역,서울특별시 금천구 벚꽃로 309(가산동),126.882704,37.480376,945422.6081266936,1942528.0895484856
0747,철산,S1107,7호선,일반역,경기도 광명시 철산로 지하13(철산동),126.868217,37.47616,944138.6078032028,1942068.845554248
0748,광명사거리,S1107,7호선,일반역,경기도 광명시 오리로 지하980(광명동),126.854854,37.47927,942959.4205747,1942421.8927783037
0749,천왕,S1107,7호선,일반역,서울특별시 구로구 오리로 지하1154(천왕동),126.838684,37.486699,941535.5229081392,1943256.0161791465
0750,온수(성공회대입구),S1107,7호선,환승역,서울특별시 구로구 경인로3길 지하64(온수동),126.823294,37.492059,940179.2088660648,1943860.3473393628
0809,암사역사공원,S1108,8호선,일반역,서울시 강동구 아리수로 27번길 2,127.137556,37.557167,967987.9321906588,1950930.3292896056
0810,암사,S1108,8호선,일반역,서울특별시 강동구 올림픽로 지하776(암사동),127.127521,37.550127,967098.5148780438,1950152.7466521517
0811,천호(풍납토성),S1108,8호선,환승역,서울특별시 강동구 천호대로 지하997(천호동),127.123179,37.53792,966709.552079818,1948799.980555035
0812,강동구청,S1108,8호선,일반역,서울특별시 강동구 올림픽로 지하550(성내동),127.120461,37.530348,966466.037738582,1947960.8788988327
0813,몽촌토성(평화의문),S1108,8호선,일반역,서울특별시 송파구 올림픽로 지하383(신천동),127.11274,37.517692,965778.0697321416,1946559.555641593
0814,잠실(송파구청),S1108,8호선,환승역,서울특별시 송파구 올림픽로 305(신천동),127.104267,37.514649,965027.8927805222,1946225.0699916692
0815,석촌,S1108,8호선,일반역,서울특별시 송파구 송파대로 지하439(석촌동),127.106995,37.505396,965264.6876924058,1945197.4991542632
0816,송파,S1108,8호선,일반역,서울특별시 송파구 송파대로 지하354(가락동),127.11212,37.49978,965715.0890436816,1944572.561909708
0817,가락시장,S1108,8호선,환승역,서울특별시 송파구 송파대로 지하257(가락동),127.118279,37.493004,966256.4396109718,1943818.584884646
0818,문정,S1108,8호선,일반역,서울특별시 송파구 송파대로 지하179(문정동),127.122473,37.485931,966624.037425488,1943032.3893512676
0819,장지,S1108,8호선,일반역,서울특별시 송파구 송파대로 지하82(장지동),127.126229,37.478609,966952.8699834351,1942218.740329184
0820,복정,S1108,8호선,환승역,서울특별시 송파구 송파대로 지하6(장지동),127.126746,37.471016,966995.242075384,1941376.170440551
0821,남위례,S1108,8호선,일반역,경기도 성남시 수정구 공원로 601(복정동),127.139047,37.462839,968079.4778264096,1940464.7530091791
0822,산성,S1108,8호선,일반역,경기도 성남시 수정구 수정로 지하365(신흥동),127.149927,37.456886,969039.18879186,1939800.681370854
0823,남한산성입구(성남법원·검찰청),S1108,8호선,일반역,경기도 성남시 수정구 산성대로 지하445(단대동),127.159845,37.451568,969914.2194238548,1939207.4769923133
0824,단대오거리,S1108,8호선,일반역,경기도 성남시 수정구 산성대로 지하365(신흥동),127.156735,37.445057,969636.516122212,1938486.1299689463
0825,신흥,S1108,8호선,일반역,경기도 성남시 수정구 산성대로 지하280(신흥동),127.14759,37.440952,968825.8900360748,1938033.69842378
0826,수진,S1108,8호선,일반역,경기도 성남시 수정구 산성대로 지하200(수진동),127.140936,37.437575,968235.8493249144,1937661.268845804
0827,모란,S1108,8호선,환승역,경기도 성남시 수정구 산성대로 지하100(수진동),127.129921,37.433988,967259.855024894,1937267.0889192405
1002,남영역,I4101,경부선,일반역,서울시 용산구 한강대로 77길 25(갈월동),126.971171,37.540597,953281.9113197704,1949161.6477183655
1003,용산역,I4101,경부선,환승역,서울시 용산구 한강대로 23길 55(한강로 3가 40-999),126.964775,37.52989,952710.1075285056,1947976.9613317857
1004,노량진역,I4101,경부선,환승역,서울시 동작구 노량진로 151,126.941671,37.514072,950658.3173056355,1946233.9100283163
1005,대방역,I4101,경부선,환승역,서울시 영등포구 여의대방로 300,126.926407,37.513392,949308.907339808,1946166.5823377576
1006,영등포역,I4101,경부선,일반역,서울시 영등포구 경인로 846(영등포동 1가 618-496),126.907411,37.515756,947631.7786425631,1946439.2590963163
1007,신도림역,I4101,경부선,환승역,서울시 구로구 새말로 117-21,126.891513,37.508983,946221.9688176892,1945696.7999835163
1032,신길역,I4101,경부선,환승역,서울시 영등포구 영등포로 327,126.917743,37.517018,948545.712008448,1946573.5700135657
1701,구로역,I4101,경부선,일반역,서울시 구로구 구로중앙로 174,126.882037,37.503178,945380.2429665604,1945058.225486776
1702,가산디지털단지역,I4101,경부선,환승역,서울시 금천구 벚꽃로 309,126.882628,37.481568,945416.7557434055,1942660.3788189047
1703,금천구청역,I4101,경부선,일반역,서울시 금천구 시흥대로 63길 91,126.894344,37.45576,946434.1912570673,1939790.416724128
1704,석수역,I4101,경부선,일반역,경기도 안양시 만안구 경수대로 1431,126.902233,37.435161,947117.4247980706,1937500.6412898183
1705,관악역,I4101,경부선,일반역,경기도 안양시 만안구 경수대로 1273번길 46,126.908476,37.419578,947658.8807987296,1935768.3346283445
1706,안양역,I4101,경부선,일반역,경기도 안양시 만안구 만안로 232,126.922647,37.401929,948900.8287721516,1933802.5388407388
1707,명학역,I4101,경부선,일반역,경기도 안양시 만안구 만안로 20,126.935579,37.384435,950033.7865233222,1931854.7912196524
1708,금정역,I4101,경부선,환승역,경기도 군포시 군포로 750,126.943411,37.371957,950718.9677948282,1930466.341831477
1709,군포역,I4101,경부선,일반역,경기도 군포시 군포역1길 27,126.948517,37.353732,951159.2520198046,1928441.780675334
1710,의왕역,I4101,경부선,일반역,경기도 의왕시 철도박물관로 66(삼동),126.948099,37.320648,951100.789042834,1924771.6264630733
1711,성균관대역,I4101,경부선,일반역,경기도 수원시 장안구 서부로 2149,126.970861,37.300344,953104.9406335206,1922507.5584753333
1712,화서역,I4101,경부선,일반역,경기도 수원시 팔달구 덕영대로 692,126.989581,37.28399,954754.22374763,1920684.1261145724
1713,수원역,I4101,경부선,환승역,경기도 수원시 팔달구 덕영대로 924,126.999821,37.266162,955651.4911787104,1918701.4463385963
1714,독산역,I4101,경부선,일반역,서울시 금천구 벚꽃로 115,126.889508,37.465994,946013.836838307,1940928.5737775385
1715,세류역,I4101,경부선,일반역,경기도 수원시 권선구 정조로 393-1,127.013772,37.244102,956875.8956479656,1916247.681787723
1716,병점역,I4101,경부선,일반역,경기도 화성시 떡전골로 97,127.033268,37.206821,958584.6462451732,1912103.081464906
1717,세마역,I4101,경부선,일반역,경기도 오산시 세마역로 88,127.043279,37.187288,959462.5321430868,1909931.8024462808
1718,오산대역,I4101,경부선,일반역,경기도 오산시 청학로 236,127.063081,37.169401,961210.9755958166,1907939.179158284
1719,오산역,I4101,경부선,일반역,경기도 오산시 오산동 역광장로 59,127.066708,37.145472,961520.851204988,1905283.088623136
1720,진위역,I4101,경부선,일반역,경기도 평택시 경기대로 1855,127.062342,37.109771,961114.859159041,1901324.323060552
1721,송탄역,I4101,경부선,일반역,경기도 평택시 신장동 송탄공원로 43,127.054397,37.075376,960391.0584739316,1897511.9653259348
1722,서정리역,I4101,경부선,일반역,경기도 평택시 탄현로 51,127.052844,37.056459,960243.142277629,1895414.048376446
1723,평택지제역,I4101,경부선,일반역,경기도 평택시 경기대로 777,127.070269,37.018822,961773.5528917938,1891231.650242707
1724,평택역,I4101,경부선,일반역,경기도 평택시 평택로 51,127.085496,36.990559,963114.4153008602,1888090.3101120272
1725,성환역,I4101,경부선,일반역,충남 천안시 서북구 성환읍 성환1로 237-5(성환리 449-128),127.127007,36.915781,966775.9171185476,1879779.6854318876
1726,직산역,I4101,경부선,일반역,충남 천안시 서북구 직산읍 천안대로 1471-33,127.143774,36.870921,968250.856812814,1874797.5735716445
1727,두정역,I4101,경부선,일반역,충남 천안시 서북구 두정로 289(두정동 84-1),127.148905,36.833791,968693.028344376,1870677.0089494216
1729,당정역,I4101,경부선,일반역,경기도 군포시 당정역로 91,126.948388,37.34338,951141.1194239768,1927293.3844815767
1749,서동탄역,I4101,경부선,일반역,경기도 오산시 외삼미로 15번길 75-60,127.051893,37.195675,960231.4933656654,1910858.5884593653
1750,광명역,I4101,경부선,일반역,경기도 광명시 광명역로 21,126.884523,37.415995,945536.7790030908,1935384.3928071363
1728,천안역,I4401,경부선,일반역,충남 천안시 동남구 대흥로 239(대흥동 57-1),127.146417,36.810238,968461.510198878,1868065.080296216
1008,이촌역,I4102,경원선,환승역,서울시 용산구 이촌로 71길 42,126.973816,37.522476,953504.3310545356,1947149.9123825096
1009,서빙고역,I4102,경원선,일반역,서울시 용산구 서빙고로 238(서빙고동 241-11),126.988358,37.51961,954787.5984988796,1946824.8578184703
1010,한남역,I4102,경원선,일반역,서울시 용산구 독서당로6길 12-13(한남동),127.008984,37.529361,956615.920589686,1947896.9611913343
1011,옥수역,I4102,경원선,환승역,서울시 성동구 동호로 지하21(옥수동),127.018698,37.540514,957480.5462839844,1949129.8866958392
1012,응봉역,I4102,경원선,일반역,서울시 성동구 고산자로 123(응봉동),127.034824,37.550433,958910.611483431,1950223.174766528
1013,왕십리역,I4102,경원선,환승역,서울시 성동구 왕십리 광장로 17(행당동),127.038405,37.561728,959233.0797855288,1951474.735222943
1014,청량리역,I4102,경원선,환승역,서울시 동대문구 왕산로 214,127.048077,37.580543,960097.3308506357,1953558.011652832
1015,회기역,I4102,경원선,환승역,서울시 동대문구 회기로196(휘경동 317-101),127.057936,37.589602,960972.5683971264,1954558.9213781117
1016,외대앞역,I4102,경원선,일반역,서울시 동대문구 휘경로 27(이문동 360-5),127.063572,37.596157,961473.5221802696,1955283.8403881271
1017,신이문역,I4102,경원선,일반역,서울시 동대문구 한천로 472(이문로 7),127.067347,37.601829,961809.6681391147,1955911.58028641
1018,석계역,I4102,경원선,환승역,서울시 노원구 화랑로 341(월계동 36-4),127.065594,37.615206,961661.796856254,1957396.412769365
1019,광운대역,I4102,경원선,환승역,서울시 노원구 석계로 98-2(광운대역),127.061975,37.623635,961346.767010914,1958333.058509768
1020,월계역,I4102,경원선,일반역,서울시 노원구 월계로 53길 40(월계2동 261),127.058835,37.633114,961074.6222766468,1959386.012599483
1021,녹천역,I4102,경원선,일반역,서울시 도봉구 덕릉로 376(창동),127.051406,37.644599,960425.2273289396,1960663.3367076905
1022,창동역,I4102,경원선,환승역,서울시 도봉구 마들로 11길 77(창1동 135-86),127.047663,37.653181,960099.6113009236,1961617.0637926024
1901,방학역,I4102,경원선,일반역,서울시 도봉구 도봉로 150다길 3,127.044295,37.667471,959810.2248127738,1963203.9283168528
1902,도봉역,I4102,경원선,일반역,서울시 도봉구 도봉로 170길 2,127.045521,37.679441,959924.7876317932,1964531.4367278249
1903,도봉산역,I4102,경원선,환승역,서울시 도봉구 도봉로 964-33,127.046047,37.689603,959976.630493537,1965658.6554651903
1904,망월사역,I4102,경원선,일반역,경기도 의정부시 평화로 221,127.047361,37.710499,960103.6820897688,1967976.449737714
1905,회룡역,I4102,경원선,환승역,경기도 의정부시 평화로 363,127.047319,37.724037,960107.24011654,1969478.4764638825
1906,의정부역,I4102,경원선,일반역,경기도 의정부시 평화로 525,127.045891,37.73873,959989.3029461276,1971109.2430898792
1907,가능역,I4102,경원선,일반역,경기도 의정부시 평화로 633,127.044251,37.748362,959850.008281136,1972178.5976392387
1908,녹양역,I4102,경원선,일반역,경기도 의정부시 평화로 757(녹양동 973),127.042272,37.759416,959681.6629254128,1973405.871250925
1909,양주역,I4102,경원선,일반역,경기도 양주시 평화로 919(남방동 94-1),127.044719,37.774281,959905.231124902,1975054.069921152
1910,덕계역,I4102,경원선,일반역,경기도 양주시 고덕로 139번길 317,127.056676,37.818761,960981.6436402386,1979984.0261935676
1911,덕정역,I4102,경원선,일반역,경기도 양주시 화합로 1356,127.061511,37.843216,961419.9255509948,1982695.293056932
1912,지행역,I4102,경원선,일반역,경기도 동두천시 평화로 2285(지행동),127.055734,37.892361,960937.5920525532,1988150.3531860071
1913,동두천중앙역,I4102,경원선,일반역,경기도 동두천시 동두천로 228(생연동 682),127.056528,37.901818,961012.3940180554,1989199.284200915
1914,보산역,I4102,경원선,일반역,경기도 동두천시 평화로 2539(보산동),127.057134,37.914268,961072.2305126928,1990580.372993795
1915,동두천역,I4102,경원선,일반역,경기도 동두천시 평화로 2687(동두천동 245-210),127.054825,37.927569,960876.31625275,1992057.104226909
1916,소요산역,I4102,경원선,일반역,경기도 동두천시 평화로 2925(상봉암동 126),127.061007,37.948608,961430.6129465074,1994388.840530098
1917,청산역,I4102,경원선,일반역,경기도 연천군 청산면 초성리 170-1,127.074097,37.995138,962604.3016930586,1999546.1128488588
1918,전곡역,I4102,경원선,일반역,경기도 연천군 전곡읍 전곡역로 75(전곡리),127.071913,38.024041,962427.2932092018,2002753.8676294263
1919,연천역,I4102,경원선,일반역,경기도 연천군 연천읍 연천로 273-7(차탄리),127.07368,38.100485,962621.2907285324,2011234.9229359664
1014,청량리역,I4108,경의중앙선,환승역,서울시 동대문구 왕산로 214,127.047588,37.580043,960053.8870860108,1953502.7469428547
1015,회기역,I4108,경의중앙선,환승역,서울시 동대문구 회기로196(휘경동 317-101),127.057936,37.589802,960972.6728310155,1954581.1104151043
1201,중랑역,I4108,경의중앙선,환승역,서울특별시 중랑구 중랑역로 9,127.076152,37.594948,962583.444568312,1955144.621120524
1202,상봉역,I4108,경의중앙선,환승역,서울시 중랑구 망우로 297(상봉1동 100-9번지),127.085553,37.596754,963414.2363272596,1955341.2841954888
1203,망우역,I4108,경의중앙선,환승역,서울시 중랑구 망우로 55길 11-10,127.092318,37.599288,964012.6472415392,1955619.8053461404
1204,양원역,I4108,경의중앙선,일반역,서울시 중랑구 송림길 147(망우동),129.091321,36.963729,1141661.800416557,1886216.7988369972
1205,구리역,I4108,경의중앙선,환승역,경기도 구리시 건원대로 34번길 32-29(인창동 244-2),127.143373,37.60326,968521.1199435268,1956042.1385439893
1206,도농역,I4108,경의중앙선,일반역,경기도 남양주시 경춘로 433(도농동 56-1),127.161105,37.608756,970088.500189731,1956646.0961673176
1207,양정역,I4108,경의중앙선,일반역,경기도 남양주시 경강로 237(이패동 398-32),127.194602,37.604269,973043.3957767568,1956138.1411091604
1208,덕소역,I4108,경의중앙선,일반역,경기도 남양주시 와부읍 덕서로 56(덕소리 590-17),127.208835,37.586892,974293.72754391,1954206.262128782
1209,도심역,I4108,경의중앙선,일반역,경기도 남양주시 와부읍 덕소로 237(도곡리 1024-2),127.222798,37.579628,975524.112410242,1953396.6313356303
1210,팔당역,I4108,경의중앙선,일반역,경기도 남양주시 와부읍 팔당로 107번길,127.243896,37.547321,977377.2220915308,1949807.072075955
1211,운길산역,I4108,경의중앙선,일반역,경기도 남양주시 조안면 운길산로 20,127.310089,37.554659,983225.9882179616,1950607.3080629143
1212,양수역,I4108,경의중앙선,일반역,경기도 양평군 양서면 목왕로 55-10,127.328948,37.545998,984889.9746120438,1949643.22633259
1213,신원역,I4108,경의중앙선,일반역,경기도 양평군 양서면 신원역길 7  _x000D_,127.372745,37.525921,988755.8080918608,1947409.678341836
1214,국수역,I4108,경의중앙선,일반역,경기도 양평군 양서면 국수역길 45,127.399402,37.516171,991110.0520636608,1946325.1304893373
1215,아신역,I4108,경의중앙선,일반역,경기도 양평군 옥천면 아신역길 1길 23-3,127.443238,37.513954,994983.7361964982,1946075.9304046268
1216,오빈역,I4108,경의중앙선,일반역,경기도 양평군 양평읍 덕바위길 58,127.474053,37.506061,997706.7281195752,1945199.0616876208
1217,양평역,I4108,경의중앙선,일반역,경기도 양평군 양평읍 역전길 30,127.491858,37.492674,999280.2577123971,1943713.5876731405
1218,원덕역,I4108,경의중앙선,일반역,경기도 양평군 양평읍 원덕흑천길 138,127.547468,37.468585,1004197.457290084,1941042.125750936
1219,용문역,I4108,경의중앙선,일반역,경기도 양평군 용문면 다문리 748-2,127.594251,37.482085,1008332.8437709956,1942542.95801147
1220,지평역,I4108,경의중앙선,일반역,경기도 양평군 지평면 지평역길 32,127.629681,37.476496,1011466.1076490087,1941926.62623272
1251,서울역(경의선),I4108,경의중앙선,환승역,서울시 중구 한강대로 405,126.971387,37.556713,953311.0469881808,1950949.5265763616
1252,신촌역,I4108,경의중앙선,일반역,서울특별시 서대문구 신촌역로 30 신촌민자역사,126.942308,37.559768,950744.6783477236,1951303.305381544
1261,효창공원앞역,I4108,경의중앙선,환승역,서울시 용산구 용문동 5-157,126.962339,37.538789,952500.5172941936,1948965.4846052453
1262,공덕역,I4108,경의중앙선,환승역,서울시 마포구 공덕동 마포대로 92,126.952134,37.542611,951601.423522678,1949394.7192413893
1263,서강대역,I4108,경의중앙선,일반역,서울시 마포구 서강로 지하 118,126.935389,37.552132,950128.498825684,1950459.7771422951
1264,홍대입구역,I4108,경의중앙선,환승역,서울시 마포구 양화로 지하 188,126.926833,37.55758,949376.4353539336,1951068.779738983
1265,가좌역,I4108,경의중앙선,일반역,서울시 서대문구 수색로 27(남가좌동),126.914841,37.568611,948324.8820985132,1952299.1441089737
1266,디지털미디어시티역,I4108,경의중앙선,환승역,서울시 은평구 수색로 193(수색동 37-2),126.900421,37.577964,947058.068455756,1953344.8458734865
1267,수색역,I4108,경의중앙선,일반역,서울시 은평구 수색로 261-1,126.895681,37.580855,946641.592759673,1953668.27166145
1268,한국항공대,I4108,경의중앙선,일반역,경기도 고양시 덕양구 화랑로 53(화전동 183-10),126.868291,37.603102,944239.7667348774,1956152.3999259963
1269,강매역,I4108,경의중앙선,일반역,경기도 고양시 덕양구 소원로 202,126.844537,37.612396,942150.2040391938,1957197.9090317944
1270,행신역,I4108,경의중앙선,일반역,경기도 고양시 덕양구 행신동 충경로 124번지(행신2동 812),126.834063,37.612125,941225.5667366056,1957174.348680148
1271,능곡역,I4108,경의중앙선,환승역,경기도 고양시 덕양구 토당로 35(토당동 454-3),126.820845,37.618741,940064.2660936386,1957916.730786914
1272,곡산역,I4108,경의중앙선,환승역,경기도 고양시 일산동구 경의로 160(백석동),126.801877,37.645729,938412.5881392696,1960923.256663994
1273,백마역,I4108,경의중앙선,환승역,경기도 고양시 일산동구 경의로 318(풍동 482-8),126.794401,37.658346,937763.5887814844,1962328.0181109495
1274,풍산역,I4108,경의중앙선,환승역,경기도 고양시 일산동구 경의로 486(풍동),126.786355,37.672173,937065.5690960356,1963867.4659157272
1275,일산역,I4108,경의중앙선,환승역,경기도 고양시 일산서구 경의로 672,126.769521,37.682231,935589.6999119665,1964994.818256487
1276,탄현역,I4108,경의중앙선,일반역,경기도 고양시 일산서구 경의로 856(덕이동),126.761075,37.694114,934855.3553432107,1966319.057702948
1277,야당역,I4108,경의중앙선,일반역,경기도 파주시 소리천로 10,126.761535,37.712749,934912.2080966992,1968386.2692765305
1278,운정역,I4108,경의중앙선,일반역,경기도 파주시 운정역길 368(야당동 299-4번지),126.767076,37.725441,935411.6156778948,1969790.598745991
1279,금릉역,I4108,경의중앙선,일반역,경기도 파주시 금릉역로85,126.765401,37.751295,935286.5165696298,1972660.2424555323
1280,금촌역,I4108,경의중앙선,일반역,경기도 파주시 새꽃로 193,126.774515,37.766106,936102.1545200474,1974297.2558054195
1282,월롱역,I4108,경의중앙선,일반역,경기도 파주시 월롱면 통일로 980,126.792574,37.796201,937717.9991937858,1977624.116502345
1283,파주역,I4108,경의중앙선,일반역,경기도 파주시 파주읍 주라위길 38,126.792426,37.815391,937721.0876540728,1979753.3558262845
1284,문산역,I4108,경의중앙선,일반역,경기도 파주시 문산읍 문산역로 94,126.787531,37.854565,937323.3899918305,1984103.0281194092
1285,임진강역,I4108,경의중앙선,일반역,경기도 파주시 문산읍 임진각로 115(문산읍),126.746777,37.888364,933768.4359197384,1987881.23805735
1286,운천역,I4108,경의중앙선,일반역,경기도 파주시 문산읍 통일로2033번길3,126.769713,37.880008,935777.9894185398,1986938.0865221112
1953,대곡역,I4108,경의중앙선,환승역,경기도 고양시 덕양구 대주로 107번길 71-81(대장동 420-1),126.810225,37.631629,939137.5444059108,1959353.4512147573
1801,개봉역,I1101,경인선,일반역,서울시 구로구 경인로 40길 47,126.858504,37.494698,943293.8021730052,1944131.335272816
1802,오류동역,I1101,경인선,일반역,서울시 구로구 경인로 20길 13,126.844551,37.4944,942060.1573795524,1944106.7713354824
1803,역곡역,I1101,경인선,일반역,경기도 부천시 원미구 역곡로 1(역곡동),126.811622,37.48514,939141.7783331152,1943100.2038551767
1804,부천역,I1101,경인선,일반역,경기도 부천시 소사구 부천로 1,126.782779,37.484066,936590.8802993211,1943000.0850563943
1805,송내역,I1101,경인선,일반역,경기도 부천시 소사구 송내대로 43,126.753045,37.487626,933965.2089671438,1943415.4901948737
1806,부평역,I1101,경인선,환승역,인천시 부평구 광장로 16,126.724584,37.489457,931450.7391299529,1943638.9754682176
1807,백운역,I1101,경인선,일반역,인천시 부평구 마장로 55번길 14,126.707179,37.483301,929906.3041408284,1942968.8137879225
1808,동암역,I1101,경인선,일반역,인천시 부평구 동암광장로 10,126.703016,37.470835,929526.5389952272,1941588.8806655817
1809,주안역,I1101,경인선,환승역,인천시 남구 주안로 95-19,126.680702,37.465041,927547.7925305584,1940962.9974466364
1810,제물포역,I1101,경인선,일반역,인천시 남구 경인로 129,126.657165,37.466809,925468.0836297624,1941177.5144679227
1811,동인천역,I1101,경인선,일반역,인천시 중구 참외전로 119,126.632598,37.475414,923304.3736803392,1942151.9248710463
1812,인천역,I1101,경인선,환승역,인천시 중구 제물량로 269,126.616936,37.476364,921920.5006260268,1942270.1952198448
1813,구일역,I1101,경인선,일반역,서울시 구로구 구일로 133,126.869201,37.495973,944240.3408803697,1944266.3985323643
1815,부개역,I1101,경인선,일반역,인천시 부평구 수변로 22,126.740549,37.488479,932861.2428293428,1943518.9650978995
1816,간석역,I1101,경인선,일반역,인천시 남동구 석정로 522-14,126.693408,37.464689,928671.0954612234,1940914.2465521132
1817,도원역,I1101,경인선,일반역,인천시 동구 참외전로 245,126.642824,37.468604,924201.69658456,1941388.1068519992
1821,온수역,I1101,경인선,환승역,서울시 구로구 부일로 872,126.823399,37.492267,940188.6568465424,1943883.357075719
1822,중동역,I1101,경인선,일반역,경기도 부천시 소사구 중동로 73,126.764474,37.486664,934974.7740678265,1943300.8055975
1823,도화역,I1101,경인선,일반역,인천시 남구 숙골로 24번길 9,126.66846,37.466154,926466.2776615762,1941095.96684416
4804,소사역,I1101,경인선,환승역,경기도 부천시 소사구 경인로 363,126.795654,37.482755,937728.079106611,1942846.0431141304
1203,망우역,I41K2,경춘선,환승역,서울시 중랑구 망우로 55길 11-10,127.092031,37.599988,963987.6501546882,1955697.577043973
1311,신내역,I41K2,경춘선,환승역,서울시 중랑구 망우동 320-2,127.103277,37.612855,964986.396163527,1957120.8571852
1312,갈매역,I41K2,경춘선,일반역,경기도 구리시 갈매동 경춘북로 229(갈매동 502-18),127.114803,37.634135,966013.3407516404,1959477.5433543709
1313,별내역,I41K2,경춘선,환승역,경기도 남양주시 경춘북로 375(별내동 182-5),127.127208,37.642221,967111.425919726,1960370.2305953067
1314,퇴계원역,I41K2,경춘선,일반역,경기도 남양주시 퇴계원면 경춘북로 545(퇴계원리 218-8),127.143858,37.648316,968582.899729182,1961040.7393440325
1315,사릉역,I41K2,경춘선,일반역,경기도 남양주시 진건읍 진건우회로 72-8(사능리 590-2),127.176839,37.651145,971493.41143747,1961344.0703927008
1316,금곡역,I41K2,경춘선,일반역,경기도 남양주시 경춘로 903(금곡동 404-276),127.207931,37.637414,974231.3537937494,1959811.679571575
1317,평내호평역,I41K2,경춘선,일반역,경기도 남양주시 경춘로 1375(평내동 156),127.244452,37.653229,977458.3120857876,1961556.881973268
1318,천마산역,I41K2,경춘선,일반역,경기도 남양주시 화도읍 묵현로 25번길 37,127.285731,37.658995,981100.966485269,1962187.4756889292
1319,마석역,I41K2,경춘선,일반역,경기도 남양주시 화도읍 마석우리 241-4,127.311713,37.652328,983391.1577279216,1961442.881912637
1320,대성리역,I41K2,경춘선,일반역,경기도 가평군 청평면 경춘로 88(대성리 393),127.379165,37.683909,989345.6335694088,1964936.858691461
1321,청평역,I41K2,경춘선,일반역,경기도 가평군 청평면 청평역로 97-33(청평리 125-1),127.426541,37.735484,993527.3986391546,1970654.600769373
1322,상천역,I41K2,경춘선,일반역,경기도 가평군 청평면 상천역로 29(상천리 1261),127.4542,37.770305,995966.3725784498,1974516.3485262587
1323,가평역,I41K2,경춘선,일반역,경기도 가평군 가평읍 문화로 13-42(달전리 567),127.510693,37.814515,1000941.1765195474,1979420.432862032
1324,굴봉산역,I41K2,경춘선,일반역,강원도 춘천시 남산면 서백길 192(백양리 588-30),127.557732,37.832086,1005080.2510513392,1981371.4291437056
1325,백양리역,I41K2,경춘선,일반역,강원도 춘천시 남산면 북한강변길 690(강촌리 680-7),127.589085,37.830881,1007839.3534251262,1981239.9037892856
1326,강촌역,I41K2,경춘선,일반역,강원도 춘춘시 남산면 강촌로 150(방곡리 409),127.634054,37.805728,1011800.5665691382,1978453.9367954032
1327,김유정역,I41K2,경춘선,일반역,강원도 춘천시 신동면 김유정로 1435(신동면 증리 859-3),127.714302,37.818475,1018861.437773294,1979881.3639227664
1328,남춘천역,I41K2,경춘선,일반역,강원도 춘천시 영서로 2260(퇴계동 633-2),127.723761,37.864071,1019681.8368403252,1984942.159156186
1329,춘천역,I41K2,경춘선,일반역,강원도 춘천시 평화로 1(근화동 190),127.716603,37.884391,1019046.9916298018,1987195.175979464
G100,양촌역,L41G1,김포도시철도,일반역,경기도 김포시 양촌읍 양촌역길 107,126.614694,37.641639,921894.9876671694,1960608.8534297256
G101,구래역,L41G1,김포도시철도,일반역,경기도 김포시 김포한강7로 87,126.6285,37.645354,923116.8583202916,1961009.6222301456
G102,마산역,L41G1,김포도시철도,일반역,경기도 김포시 김포한강3로 지하 442,126.643944,37.640606,924474.536526314,1960470.2921543077
G103,장기역,L41G1,김포도시철도,일반역,경기도 김포시 김포한강1로 지하 59,126.669,37.644028,926688.5035043536,1960830.0802468795
G104,운양역,L41G1,김포도시철도,일반역,경기도 김포시 김포한강1로 지하 235,126.683833,37.653861,928006.598838222,1961909.5460397704
G105,걸포북변역,L41G1,김포도시철도,일반역,경기도 김포시 김포대로 지하 1040,126.70575,37.631639,929919.0364030454,1959427.459195382
G106,사우역,L41G1,김포도시철도,일반역,경기도 김포시 김포대로 지하 852,126.719722,37.620361,931141.4772988812,1958165.847715692
G107,풍무역,L41G1,김포도시철도,일반역,경기도 김포시 김포대로 지하 710,126.732583,37.612333,932269.1794556708,1957265.8040246908
G108,고촌역,L41G1,김포도시철도,일반역,경기도 김포시 고촌읍 김포대로 지하 350,126.770361,37.60125,935593.8881395272,1956009.591988575
G109,김포공항역,L41G1,김포도시철도,환승역,서울특별시 강서구 하늘길 지하 77,126.801833,37.562309,938339.8863064236,1951668.109674499
1013,왕십리역,I4105,분당선,환승역,서울시 성동구 왕십리 광장로 17(행당동),127.038705,37.5610128,959259.1857358766,1951395.2574648347
1023,선릉역,I4105,분당선,환승역,서울시 강남구 테헤란로 지하 340,127.048941,37.504479,960133.1355619624,1945118.775007991
1024,한티역,I4105,분당선,일반역,서울시 강남구 선릉로 지하 228,127.052883,37.496208,960477.1919048628,1944199.498384865
1025,도곡역,I4105,분당선,환승역,서울시 강남구 남부순환로 지하 2814,127.055393,37.490914,960696.2898077046,1943611.1130617585
1026,구룡역,I4105,분당선,일반역,서울시 강남구 개포동 175-3,127.059496,37.486985,961056.96139711,1943173.5116779516
1027,개포동역,I4105,분당선,일반역,서울시 강남구 개포동 지하 420(개포동),127.066027,37.489112,961635.4293459236,1943406.8064291256
1028,대모산입구역,I4105,분당선,일반역,서울특별시 강남구 개포로 522,127.072702,37.491347,962226.6486118285,1943652.0652977785
1030,수서역,I4105,분당선,환승역,서울시 강남구 광평로 지하 270(수서동),127.101118,37.487633,964736.9019777472,1943228.9991673408
1031,복정역,I4105,분당선,환승역,서울특별시 송파구 송파대로 6,127.126627,37.469753,966984.164035054,1941236.091516846
1846,수원역(분당),I4105,분당선,환승역,경기도 수원시 팔달구 덕영대로 944,127.000082,37.266162,955674.6329738467,1918701.3240389857
1847,서울숲역,I4105,분당선,일반역,서울시 성동구 왕십리로 지하 77,127.044686,37.543647,959778.0889798888,1949466.0409909503
1848,압구정로데오역,I4105,분당선,일반역,서울시 강남구 압구정동 495(강남구 압구정로 지하 402),127.040555,37.527385,959404.3447227894,1947663.6409880235
1849,강남구청역,I4105,분당선,환승역,서울시 강남구 학동로 지하 364,127.041575,37.516572,959488.6242768632,1946463.5639660475
1850,선정릉역,I4105,분당선,환승역,서울시 강남구 선릉로 지하 580(삼성동),127.043717,37.510775,959674.7965806696,1945819.5024588937
1851,가천대역,I4105,분당선,일반역,경기도 성남시 수정구 성남대로 1332,127.126677,37.448784,966979.3662475476,1938909.720828672
1852,태평역,I4105,분당선,일반역,경기도 성남시 수정구 성남대로 지하 1229번지,127.127746,37.439842,967070.0014823544,1937917.301501069
1853,모란역,I4105,분당선,환승역,경기도 성남시 중원구 성남대로 지하 1147(성남동 1575),127.129064,37.432124,967183.2238946882,1937060.591058872
1854,야탑역,I4105,분당선,일반역,경기도 성남시 성남대로 지하 903(야탑동 688-1),127.128661,37.41132,967138.4801754516,1934752.6985596456
1855,서현역,I4105,분당선,일반역,경기도 성남시 분당구 성남대로 지하 601,127.123249,37.384931,966647.8531198378,1931826.9665677035
1856,수내역,I4105,분당선,일반역,경기도 성남시 분당구 성남대로 지하 491(수내동),127.114216,37.378435,965845.2512153456,1931109.5242008483
1857,정자역,I4105,분당선,환승역,경기도 성남시 분당구 성남대로 지하 333(정자동),127.108091,37.366037,965297.2714616288,1929736.312771669
1858,미금역,I4105,분당선,환승역,경기도 성남시 수정구 성남대로 지하 156,127.108952,37.350078,965366.1790406116,1927965.4946370197
1859,오리역,I4105,분당선,일반역,경기도 성남시 분당구 성남대로 지하 55(구미동 795),127.108985,37.339832,965364.3959583855,1926828.7870531124
1860,이매역,I4105,분당선,환승역,경기도 성남시 성남대로 지하 738,127.128272,37.395846,967097.2901496936,1933036.1262489664
1861,보정역,I4105,분당선,일반역,경기도 용인시 기흥구 용구대로 2560  _x000D_,127.108219,37.31274,965284.0825274969,1923823.479886037
1862,죽전역,I4105,분당선,일반역,경기도 용인시 수지구 포은대로 530(죽전동 1014),127.107385,37.324575,965215.6355733174,1925136.760573772
1863,구성역,I4105,분당선,환승역,경기도 용인시 기흥구 용구대로 2403,127.105664,37.299013,965051.3293246276,1922301.5521748527
1864,신갈역,I4105,분당선,일반역,경기도 용인시 기흥구 기흥로 136,127.111311,37.286127,965545.929991656,1920869.914359643
1865,기흥역,I4105,분당선,환승역,경기도 용인시 중부대로 460,127.115944,37.275657,965951.8927307096,1919706.7033108969
1866,상갈역,I4105,분당선,일반역,경기도 용인시 기흥구 금화로 지하 40,127.108718,37.261797,965304.9173573584,1918171.714138967
1867,청명역,I4105,분당선,일반역,경기도 수원시 영통구 봉영로 지하 1670,127.078945,37.259485,962663.7836783802,1917926.5545343268
1868,영통역,I4105,분당선,일반역,경기도 수원시 영통구 봉영로 지하 1560,127.071341,37.251521,961985.5091102952,1917046.0643678475
1869,망포역,I4105,분당선,일반역,경기도 수원시 영통구 봉영로 지하 1520,127.057367,37.245793,960743.2838350924,1916416.3106295732
1870,매탄권선역,I4105,분당선,일반역,경기도 수원시 영통구 권선로 841,127.040824,37.252458,959279.6787594596,1917162.706778432
1871,수원시청역,I4105,분당선,일반역,경기도 수원시 권선구 효원로 270,127.030736,37.261941,958390.2729624308,1918219.1298129505
1872,매교역,I4105,분당선,일반역,경기도 수원시 팔달구 효원로 126,127.015657,37.265502,957055.2288425666,1918620.9215201
4101,개화,S1109,9호선,일반역,서울특별시 강서구 개화동로8길 19,126.798333,37.578611,938044.2782779208,1953479.0555046464
4102,김포공항,S1109,9호선,환승역,서울특별시 강서구 하늘길 지하77,126.801633,37.562056,938322.0140699804,1951640.1715880795
4103,공항시장,S1109,9호선,일반역,서울특별시 강서구 방화동로 지하30,126.810278,37.563611,939086.7941066122,1951807.0539922768
4104,신방화,S1109,9호선,일반역,서울특별시 강서구 방화대로 지하301,126.816667,37.5675,939654.1868133056,1952234.4006958767
4105,마곡나루(서울식물원),S1109,9호선,환승역,서울특별시 강서구 마곡중앙5로 지하2,126.8276071,37.566717,940619.7078664168,1952140.5606888025
4106,양천향교,S1109,9호선,일반역,서울특별시 강서구 양천로 지하341,126.841389,37.568333,941838.0842149964,1952311.229563417
4107,가양,S1109,9호선,일반역,서울특별시 강서구 양천로 지하485,126.855078,37.561111,943041.474068909,1951501.594979412
4108,증미,S1109,9호선,일반역,서울특별시 강서구 양천로 지하560,126.861067,37.55785,943567.9596217476,1951136.1887476817
4109,등촌,S1109,9호선,일반역,서울특별시 강서구 공항대로 지하529,126.864722,37.551111,943885.7281241004,1950386.3392370103
4110,염창,S1109,9호선,일반역,서울특별시 강서구 공항대로 지하631,126.874722,37.546944,944765.9650181652,1949918.107916261
4111,신목동,S1109,9호선,일반역,서울특별시 양천구 목동중앙로 지하217,126.883056,37.544167,945500.1360024866,1949605.149486821
4112,선유도,S1109,9호선,일반역,서울특별시 영등포구 양평로 지하124,126.893889,37.537778,946452.5463925472,1948890.0973281967
4113,당산,S1109,9호선,환승역,서울특별시 영등포구 양평로 지하40,126.902222,37.533844,947185.9657721188,1948448.927522684
4114,국회의사당,S1109,9호선,일반역,서울특별시 영등포구 국회대로 지하758,126.9175,37.528611,948532.202382496,1947859.883302004
4115,여의도,S1109,9호선,환승역,서울특별시 영등포구 의사당대로 지하101 (여의도동),126.924167,37.521744,949116.6179363691,1947094.3994649383
4116,샛강,S1109,9호선,환승역,서울특별시 영등포구 의사당대로 지하166,126.9284,37.5173,949487.6737497604,1946599.0810304445
4117,노량진,S1109,9호선,환승역,서울특별시 동작구 노량진로 지하130,126.940917,37.513667,950591.4158717562,1946189.373288188
4118,노들,S1109,9호선,일반역,서울특별시 동작구 노량진로 지하238 (본동),126.953096,37.512726,951667.1285939266,1946078.6487120695
4119,흑석(중앙대입구),S1109,9호선,일반역,서울특별시 동작구 현충로 지하90 (흑석동),126.963611,37.508889,952593.976583269,1945647.6065191687
4120,동작(현충원),S1109,9호선,환승역,서울특별시 동작구 현충로 지하220 (동작동),126.978278,37.502878,953886.5572401437,1944973.434145027
4121,구반포,S1109,9호선,일반역,서울특별시 서초구 신반포로 지하17,126.987222,37.501389,954676.1960516898,1944803.8937742105
4122,신반포,S1109,9호선,일반역,서울특별시 서초구 신반포로 지하105,127.004044,37.505933,956165.738178124,1945300.053941645
4123,고속터미널,S1109,9호선,환승역,서울특별시 서초구 신반포로 지하188,127.004044,37.505933,956165.738178124,1945300.053941645
4124,사평,S1109,9호선,일반역,서울특별시 서초구 사평대로 지하285,127.015219,37.504161,957152.4158102432,1945098.3147744152
4125,신논현,S1109,9호선,환승역,서울특별시 강남구 봉은사로 지하102,127.024417,37.504444,957965.5487247276,1945125.5636589
1953,대곡역,I41WS,서해선,환승역,경기도 고양시 덕양구 대주로 107번길 71-81(대장동 420-1),126.809802,37.631629,939100.2204399024,1959353.7256698024
1980,김포공항역,I41WS,서해선,환승역,서울특별시 강서구 하늘길 지하 77,126.804056,37.5621179,938536.0608175304,1951645.451715291
1981,원종역,I41WS,서해선,일반역,경기도 부천시 원종동 404,126.8048386,37.5240628,938573.9626827664,1947422.8951644995
1982,부천종합운동장역,I41WS,서해선,환승역,경기도 부천시 길주로 지하 502,126.797498,37.505852,937910.2360321146,1945407.3151818216
4804,소사역,I41WS,서해선,환승역,경기도 부천시 소사구 경인로 363,126.7950654,37.482755,937676.0397153676,1942846.4325857789
4805,소새울역,I41WS,서해선,일반역,경기도 부천시 소사로 지하 284,126.797228,37.4685046,937855.4406263076,1941264.0015304692
4806,시흥대야역,I41WS,서해선,일반역,경기도 부천시 소사로 지하 120,126.793142,37.4504787,937479.113461424,1939266.8382847435
4807,신천역,I41WS,서해선,일반역,경기도 시흥시 서해안로 지하 1670,126.786835,37.4391147,936911.7163412962,1938010.2760143024
4808,신현역,I41WS,서해선,일반역,경기도 시승시 신현로 12번길 지하 2-10,126.78788,37.4091399,936979.0414857093,1934684.068465489
4809,시흥시청역,I41WS,서해선,일반역,경기도 시흥시 시흥대로 지하 467,126.805946,37.3814109,938555.2286021672,1931595.8153355615
4810,시흥능곡역,I41WS,서해선,일반역,경기도 시흥시 시흥대로 지하 327,126.808594,37.3699903,938780.3778620532,1930327.065120192
4811,달미역,I41WS,서해선,일반역,경기도 안산시 단원구 순환로 지하 160,126.809318,37.3490003,938827.4493330464,1927997.920196432
4812,선부역,I41WS,서해선,일반역,경기도 안산시 단원구 선부광장로 34,126.81,37.33459,938876.1749784824,1926398.7738503704
4813,초지역,I41WS,서해선,환승역,경기도 안산시 단원구 중앙대로 620,126.808051,37.320083,938691.7336914932,1924790.6075310856
4814,시우역,I41WS,서해선,일반역,경기도 안산시 단원구 동산로 지하 50,126.795503,37.3130967,937574.1596743251,1924023.751899336
4815,원시역,I41WS,서해선,일반역,경기도 안산시 단원구 선단로 지하 70,126.7867897,37.302654,936793.3179745,1922871.0154766184
4126,언주,S1109,9호선,일반역,서울특별시 강남구 봉은사로 201,127.033868,37.507287,958802.4435328648,1945436.7971045263
4127,선정릉,S1109,9호선,환승역,서울특별시 강남구 선릉로 580,127.0437593,37.51028,959678.2686936472,1945764.5671708267
4128,삼성중앙,S1109,9호선,일반역,서울특별시 강남구 봉은사로 501,127.053282,37.513011,960521.3107566304,1946063.5163967356
4129,봉은사,S1109,9호선,일반역,서울특별시 강남구 봉은사로 601,127.060245,37.514219,961137.2952371716,1946194.6376021516
4130,종합운동장,S1109,9호선,환승역,서울특별시 송파구 올림픽로 23,127.076917,37.511156,962609.1379394736,1945848.0612196072
4131,삼전,S1109,9호선,일반역,서울특별시 송파구 백제고분로 지하 187,127.087211,37.504531,963515.6720687804,1945109.0193541264
4132,석촌고분,S1109,9호선,일반역,서울특별시 송파구 삼학사로 지하 53 ,127.096611,37.502439,964345.4992235427,1944873.32291172
4133,석촌,S1109,9호선,환승역,서울특별시 송파구 석촌동 209,127.106944,37.505078,965260.0327398814,1945162.237971762
4134,송파나루,S1109,9호선,일반역,서울특별시 송파구 백제고분로 지하 446,127.112451,37.51055,965749.2671090072,1945767.3018282529
4135,한성백제,S1109,9호선,일반역,서울특별시 송파구 위례성대로 지하 51,127.116211,37.516369,966084.2023281516,1946411.5202988288
4136,올림픽공원(한국체대),S1109,9호선,환승역,서울특별시 송파구 양재대로 지하 1233,127.130333,37.516111,967332.0689905508,1946377.899651961
4137,둔촌오륜,S1109,9호선,일반역,서울특별시 강동구 강동대로 지하 327,127.138619,37.519339,968065.6912887412,1946733.1805631795
4138,중앙보훈병원,S1109,9호선,일반역,서울특별시 강동구 명일로 지하 117,127.148488,37.528807,968941.7175687044,1947780.290620424
S401,샛강,L11SL,수도권 경량도시철도 신림선,환승역,서울특별시 영등포구 의사당대로 지하166 (여의도동),126.929403964,37.517219937,949576.3410009118,1946589.6599121145
S402,대방,L11SL,수도권 경량도시철도 신림선,환승역,서울특별시 영등포구 여의대방로 300 (신길동),126.925316781,37.512840166,949212.1848041572,1946105.9474159288
S403,서울지방병무청,L11SL,수도권 경량도시철도 신림선,일반역,서울특별시 동작구 여의대방로 지하218 (대방동),126.922783404,37.50604687,948983.6714691628,1945353.6405346107
S404,보라매,L11SL,수도권 경량도시철도 신림선,환승역,서울특별시 동작구 상도로 지하2 (대방동),126.920485864,37.500312709,948776.6879104913,1944718.71678518
S405,보라매공원,L11SL,수도권 경량도시철도 신림선,일반역,서울특별시 동작구 여의대방로20길 지하11 (신대방동),126.918258811,37.495225405,948576.348205447,1944155.524890373
S406,보라매병원,L11SL,수도권 경량도시철도 신림선,일반역,서울특별시 동작구 보라매로5길 지하24 (신대방동),126.923886,37.4929607,949072.2363518644,1943901.2100017131
S407,당곡,L11SL,수도권 경량도시철도 신림선,일반역,서울특별시 관악구 보라매로 6 (봉천동),126.927568759,37.490039105,949395.8194577744,1943575.0906217264
S408,신림,L11SL,수도권 경량도시철도 신림선,환승역,서울특별시 관악구 남부순환로 지하1614 (신림동),126.92960992,37.484890755,949572.8034869644,1943002.8175737949
S409,서원,L11SL,수도권 경량도시철도 신림선,일반역,서울특별시 관악구 신림로 258 (신림동),126.933228219,37.47827336,949888.274447622,1942266.727277828
S410,서울대벤처타운,L11SL,수도권 경량도시철도 신림선,일반역,서울특별시 관악구 신림로 144 (신림동),126.933976556,37.47204068,949950.2837394094,1941574.853361465
S411,관악산,L11SL,수도권 경량도시철도 신림선,일반역,서울특별시 관악구 신림로 23 (신림동),126.944954837,37.46916896,950919.151024725,1941250.476930478
D004,신사,I11D1,신분당선,환승역,서울특별시 강남구 강남대로 620-2,127.0197609,37.51612526,957560.6306957935,1946423.6175735304
D005,논현,I11D1,신분당선,환승역,서울특별시 강남구 강남대로 492-2,127.0213658,37.5108115,957699.4597076538,1945833.3655352828
D006,신논현,I11D1,신분당선,환승역,서울특별시 강남구 강남대로 302-2,127.0247306,37.50405543,957993.048743443,1945082.3142284355
D007,강남,I11D1,신분당선,환승역,서울특별시 강남구 강남대로 지하 396,127.0278789,37.49738544,958267.6025235412,1944340.9205948017
D008,양재(서초구청),I11D1,신분당선,환승역,서울시 서초구 남부순환로 지하 2585,127.0340995,37.48445352,958810.3650901066,1942903.4690472928
D009,양재시민의숲(매헌),I11D1,신분당선,일반역,서울특별시 서초구 매헌로 지하 116,127.0384203,37.47096388,959185.027333231,1941405.00411967
D010,청계산입구,I11D1,신분당선,일반역,서울특별시 서초구 청계산로 지하 179,127.0543396,37.44871485,960581.014182184,1938929.8550151184
D011,판교,I11D1,신분당선,환승역,경기도 성남시 분당구 판교역로 지하 160,127.1112107,37.39501475,965586.7595726672,1932949.9931972069
D012,정자,I11D1,신분당선,환승역,경기도 성남시 분당구 성남대로 지하 333 ,127.1084859,37.36750101,965332.9127706918,1929898.5861571196
D013,미금,I11D1,신분당선,환승역,경기도 성남시 성남대로 지하 163 (금곡동),127.1088028,37.35058332,965353.1970588978,1928021.609825014
D014,동천,I11D1,신분당선,일반역,경기도 용인시 수지구 신수로 지하760,127.1028937,37.338068413,964824.0116908344,1926635.385003128
D015,수지구청,I11D1,신분당선,일반역,경기도 용인시 수지구 풍덕천로 지하120 ,127.09477813,37.32250096,964097.717829114,1924911.3816807445
D016,성복,I11D1,신분당선,일반역,경기도 용인시 수지구 수지로 지하134,127.08057578,37.31374251,962835.0846714296,1923945.209472409
D017,상현,I11D1,신분당선,일반역,경기도 용인시 수지구 광교중앙로 지하312,127.0694799,37.29808526,961843.9703364844,1922212.6175032544
D018,광교중앙(아주대),I11D1,신분당선,일반역,경기도 수원시 영통구 도청로 지하45,127.051609,37.2884537,960255.0374124686,1921151.456929656
D019,광교(경기대),I11D1,신분당선,일반역,경기도 수원시 영통구 대학로 55 신분당선 광교역,127.0448561,37.30173474,959663.555279572,1922627.7112456723
S110,북한산우이,L11UI,우이신설선,일반역,서울특별시 강북구 삼양로 지하 676,127.01272,37.66284,957022.8590648024,1962704.1372647225
S111,솔밭공원,L11UI,우이신설선,일반역,서울특별시 강북구 삼양로 595,127.01326,37.65607,957066.5877272452,1961952.78093663
S112,4.19민주묘지,L11UI,우이신설선,일반역,서울특별시 강북구 삼양로 519,127.01371,37.64954,957102.5243733916,1961228.0940842964
S113,가오리,L11UI,우이신설선,일반역,서울특별시 강북구 삼양로 426,127.01681,37.64162,957371.4626228614,1960347.985374767
S114,화계,L11UI,우이신설선,일반역,서울특별시 강북구 삼양로 341,127.0175,37.63428,957428.1490194268,1959533.326582495
S115,삼양,L11UI,우이신설선,일반역,서울특별시 강북구 삼양로 지하 259,127.01817,37.62706,957483.1516279904,1958731.9918749772
S116,삼양사거리,L11UI,우이신설선,일반역,서울특별시 강북구 삼양로 197,127.02049,37.62144,957684.684774446,1958107.4268981672
S117,솔샘,L11UI,우이신설선,일반역,서울특별시 강북구 솔샘로 지하 189,127.01357,37.62037,957073.3966026346,1957991.8571273852
S118,북한산보국문,L11UI,우이신설선,일반역,서울특별시 성북구 보국문로 지하 88,127.00816,37.61233,956591.2966548826,1957102.340235093
S119,정릉,L11UI,우이신설선,일반역,서울특별시 성북구 아리랑로 지하 122,127.01345,37.60278,957052.6923703888,1956040.375840844
S120,성신여대입구,L11UI,우이신설선,환승역,서울특별시 성북구 동선동1가 116-1,127.01656,37.59247,957321.3222589511,1954895.109793664
S121,보문,L11UI,우이신설선,환승역,서울특별시 성북구 보문동1가 127-6,127.01939,37.58551,957567.2085079512,1954121.6480649824
S122,신설동,L11UI,우이신설선,환승역,서울특별시 동대문구 신설동 132-259,127.023221,37.57659,957900.4248576117,1953130.2935232315
A01,서울,I28A1,인천국제공항선,환승역,서울특별시 용산구 청파로 378,126.9697643,37.55301784,953165.410842654,1950540.3746569613
A02,공덕,I28A1,인천국제공항선,환승역,서울특별시 마포구 마포대로 92,126.9513301,37.54284055,951530.5549069892,1949420.6007225155
A03,홍대입구,I28A1,인천국제공항선,환승역,서울특별시 마포구 양화로 188,126.9264939,37.55774103,949346.5939302376,1951086.8279319543
A04,디지털미디어시티,I28A1,인천국제공항선,환승역,서울특별시 마포구 성암로 184,126.898025,37.577355,946846.0702929372,1953278.6328532556
A042,마곡나루,I28A1,인천국제공항선,환승역,서울특별시 강서구 마곡중앙로 지하 135,126.8276358,37.56581914,940621.5297217264,1952040.928694562
A05,김포공항,I28A1,인천국제공항선,환승역,서울특별시 강서구 하늘길 77,126.8015442,37.56211652,938314.2212813888,1951646.9443189783
A06,계양,I28A1,인천국제공항선,환승역,인천광역시 계양구 다남로 24,126.736023,37.57160721,932536.0366957842,1952744.9264885287
A07,검암,I28A1,인천국제공항선,환승역,인천광역시 서구 검바위로 26,126.6735357,37.56915547,927015.5280348624,1952519.6156210408
A071,청라국제도시,I28A1,인천국제공항선,일반역,인천광역시 서구 에코로 163,126.624725,37.556509,922691.937544408,1951155.5584099
A072,영종,I28A1,인천국제공항선,일반역,인천광역시 중구 백운로414번길 75,126.5242471,37.51209814,913765.957745857,1946315.676168914
A08,운서,I28A1,인천국제공항선,일반역,인천광역시 중구 흰바위로59번길 26,126.4936619,37.49284463,911040.0167603584,1944208.0275358416
A09,공항화물청사,I28A1,인천국제공항선,일반역,인천광역시 중구 공항동로135번길 86,126.4774333,37.45902611,909564.6270253191,1940471.4325340868
A10,인천공항1터미널,I28A1,인천국제공항선,환승역,인천광역시 중구 공항로 271,126.4523433,37.44760672,907331.5244170824,1939228.8740911544
A11,인천공항2터미널,I28A1,인천국제공항선,일반역,인천광역시 중구 공항로 272,126.433415,37.46866,905683.655213666,1941583.4556922044
0405,진접역,I4104,4호선,일반역,경기도 남양주시 진접읍 경복대로 지하 244,127.203167,37.720472,973840.215727728,1969027.984275948
0406,오남역,I4104,4호선,일반역,경기도 남양주시 오남읍 진건오남로 지하 929,127.191644,37.7054056,972819.1924576662,1967359.6927462583
0408,별내별가람역,I4104,4호선,일반역,경기도 남양주시 별내3로 지하 345,127.116167,37.667833,966148.9890048298,1963215.71268946
X101,운정중앙역,GTX-A,GTX,일반역,경기도 파주시 운정중앙로 60 (동패동),126.728333,37.716667,931989.3445171017,1968844.560637608
X102,킨텍스역,GTX-A,GTX,일반역,경기도 고양시 일산동구 장항동 1753,126.748056,37.665,933681.652229256,1963098.0353617645
X103,대곡역,GTX-A,GTX,환승역,경기도 고양시 덕양구 대주로107번길 71-81 (대장동),126.810556,37.630833,939166.1017450794,1959264.9226151984
X104,연신내역,GTX-A,GTX,환승역,서울특별시 은평구 통일로 지하849 (갈현동),126.921389,37.618889,948937.5048900732,1957873.6997671109
X105,서울역,GTX-A,GTX,환승역,서울특별시 용산구 한강대로 405,126.970833,37.554722,953260.87186986,1950728.9105701055
X106,수서역,GTX-A,GTX,환승역,서울특별시 강남구 광평로 지하270,127.101944,37.486944,964809.6014820298,1943152.2502952612
X107,성남역,GTX-A,GTX,환승역,경기도 성남시 분당구 백현동 545-1,127.119444,37.394722,966315.3925724336,1932914.5436655716
X108,구성역,GTX-A,GTX,환승역,경기도 용인시 기흥구 용구대로 2403,127.105556,37.298611,965041.5715559276,1922256.994396403
X109,동탄역 ,GTX-A,GTX,일반역,경기도 화성시 동탄구 동탄역로 지하 151 (오산동),127.095111,37.201167,964069.6167463392,1911450.5980346515
